passenger_key,passenger_id,first_name,last_name,age,gender,date_of_birth,aadhaar_hash,email_hash,phone_masked
1,P1007,Sara,Joshi,75,M,1951-11-24,13a51896795a68872c530ba9328d2a05de81c12824abd57c62fbad2a026acc33,101ada030e5a677fcdbfa4a3a8e4b9cdd1e177ece26da937f90efe3628286a6b,+91-626411XXXX
2,P1015,Aadhya,Verma,88,F,1938-05-26,d70bbd933fb62ae559b38998053c0fef4e5ea8498d7056cec5906af99cad0a16,9b4fc6db9b06c6074f9091ee0436a8cef92fdc5fa9c628b2c00be5c4f12002e4,+91-620014XXXX
3,P1999,AnanyaPillai,Unknown,14,F,2012-11-28,5b05e52f36c37dc187a48bed498a31cb871dc86a61677bab61d4eaf6a34ed534,911fbbb5e71c11481450920ad2972c1e3e746085f78cc7983bf8c7f65d625577,+91-759746XXXX
4,P1000,Vivaan,Chatterjee,52,F,1974-04-08,99466baa9b8fe69a6f31db34c87d50f0e9a488eda788f3fdce1c00e09a316285,86ebf4745fa93e45ba826eff0d227a18f8c65329d6a9ac88008d402bb58eaedd,+91-689623XXXX
5,P1001,Krishna,Reddy,15,M,2011-03-07,6d05ccbeb5011dd59948b882fff86e1a6f7fc0cf41f6598b385f58558830ac18,17744128240944e417f265a838038b2ee3f6573e74d15d7e6e6f06b760e8052d,+91-670263XXXX
6,P1002,Myra,Naidu,72,M,1954-09-10,3e24ac79e2c956797c22051676644d26204cc4de0f203e1bf3aec0d9ea8e0d3f,884533acfd5cfbe6787f3d61f07ed253a19430b8d412be406df81e6264f34501,+91-619958XXXX
7,P1003,Myra,Mishra,61,F,1965-03-12,4e880723014ee24b39f0213150496f3efb9faa3f62d335c2248452b7c6ddc7e6,844b61f750119ea14552675bc6a98c16274d32fa6d9f4949607d8190fd7b2836,+91-871992XXXX
8,P1004,Saanvi,Banerjee,21,M,2005-11-11,3ca09c31f18da71ad2bc39cb3cbb387c38a9cd5ad37239eb8ca5ac19c8c18ac1,3d941c6227ef310fc68146f452ce49dd5c5539e326eacb7c4bccf13675fcd814,+91-781959XXXX
9,P1030,Aditya,Kulkarni,60,F,1966-10-28,68c1f6cd2204ee3a45e5f076d30fa697484a95079336d01918ddaad95090db93,4562669bc08a1c3a6fcae61038080caa42b0bcdc1ab57aafd3311401d6335db8,+91-865346XXXX
10,P1029,Diya,Ghosh,42,F,1984-12-06,ae8add5e2b5a7da66a875e0ffaf446030ac992bfb0f6071296f9059ff7df9415,ae0bfed09d05747826f866903fa8b9784cc2f8e2ceeb8682f7cf4037fc8cfa6c,+91-642628XXXX
11,P1028,Aadhya,Mishra,59,F,1967-10-10,48e69be23928a6d3b9e4732c3b2b45e4a462c35b3d868c56dec0464f379fb546,70e00862c767947b84d2c29fd94425805a7f80249d4eade17d0a70e52d1261ac,+91-864451XXXX
12,P1027,Reyansh,Banerjee,49,F,1977-10-11,f033f74585ca0ac9ff328e651d50a74f12fcd2abd01fa7be818cb67e6c03d33f,e7f25246b0df864c5d339b090142198ff40f662e0f5eeb8764781d03aa17cb95,+91-971910XXXX
13,P1026,Ira,Ghosh,89,M,1937-10-17,c19551c77397628720f119e0fa54a4090a9a02f1e3895f7588daef5bc094efb3,140370234cbff79b9645c28c8442b071216c68b0e818b0f922985e2499688363,+91-812963XXXX
14,P1025,Aarav,Chatterjee,22,M,2004-07-22,3b6f062d77b2606553508ed0058dff0df66586e4f66c24560edc31f91a2d8986,2b2aa90b695c9c45add839e7822d45bb29e45d8d1b01d5dd8d886e4f5b497b1c,+91-947544XXXX
15,P1024,Vivaan,Sharma,58,M,1968-08-08,5ccf28839dc58717f318474e0c64564c44295f407b7f1ff16fea2b382a63aa7f,ac2da0cfcc262d9f4095c7bb0598cf9ea4d4bcfaec716aeedd0e075b1e744fec,+91-727448XXXX
16,P1023,Aditya,Patel,76,F,1950-10-24,aae89439b255e5dfa3dee8b4efa96bbacaccda93cd681b6c29f6d392312c06e5,9b347392762f768c1a360f6485dbcc29f7463aaac87b4dbf29967dbead1cbf27,+91-756147XXXX
17,P1022,Shaurya,Joshi,33,F,1993-06-19,bdb2a0f6ff5354b4a3eef12484da771e0381b572315d732c8e52cba75e7b7bf2,7069b1f1c50b7c52e9a8cbc23f2af7622c94a986ec43bdace092d5f58e654022,+91-778409XXXX
18,P1021,Kavya,Naidu,21,M,2005-01-01,be8e1f9bc95f0bb62ef2eb1c73f0819d5a6feacbe8b9c25ace02400db4089a44,2139c3d2042ee97e124ab8b30c12b704c2eacf6dc041e8ecd8fc74b3b2d55ae8,+91-840253XXXX
19,P1020,Ananya,Khan,60,M,1966-12-18,c51671e5c87fc0045a67f16cfce4c3968b99b588d4374c43980352cb041b0bbb,afb2e1c4e47df389521eaf7f2b37e60f1110348bd646185b87f3420a3543a30a,+91-999522XXXX
20,P1019,Diya,Patel,64,M,1962-06-10,27af54f85ed4ca2e1e40f09c25d1aa3bf50b51bd597e5b8cd9ef1d136ea17d06,7ba77c2a9053887984c8dee91d191825d6e0faa018333f4232239ebd03beb36c,+91-659208XXXX
21,P1018,Ira,Ghosh,2,F,2024-08-11,dd0512da8f3fc09b12e4651f08c32fdb27d2264aa85de0eba7ba02e3068cf7b8,6967c717bc43783fc9c2deb3d291651ab09ebfb8f6d4d75b6a92e7fa33c6c84b,+91-655013XXXX
22,P1017,Reyansh,Chatterjee,38,F,1988-10-02,e3e68bc9aef666c21568e5d5fcbc935c05a43988620fa2122f2d4f6f77b8d1ca,50890e10e1d0e4e9ef0951e4605206693d0db359b50c3509949d87276c982319,+91-716107XXXX
23,P1016,Vivaan,Naidu,30,M,1996-01-19,b740b55080e3f5e987b1e613f84e3f5e550281a34627b8e44b8ce5926d7a2e0c,0d5594d60bddeb1af8e5545806366be097417dd8f45702f94e51971ac72edd3d,+91-855420XXXX
24,P1006,Kavya,Nair,87,M,1939-02-25,2b1c48782995bca7651b32a296333e0f8719bc8b98a27877ccf03c696c89f9bb,8ee9bc9a46aa45d48fa2d2801f45288618e698f7fecdc03caed5310a1747c1af,+91-789992XXXX
25,P1977,Shaurya,Joshi,64,M,1962-08-20,a4e62d2f18c4ec1716589702d7cd29e3678f8a39757ea0fe79d02bda5ae3917f,f250b5227c22b6e768046308c762d985b4ab110e24d34dc4f039dd2a8394b357,+91-916407XXXX
26,P1976,Reyansh,Khan,60,M,1966-04-27,d5d7165ab204f4bfc03ac7a4ae3326bec1218fd8dc1e2b8ebe54e6b1d5a57c60,13c1d26ee5751526d2949b576cb3614b88d58e99204ecb8e1d520f52d2c9d87e,+91-625688XXXX
27,P1975,Riya,Patel,22,M,2004-07-18,2763b9faba19df5d92790a43a4e15abbbc651920dc8890e0bf9a56df3835d09f,0bcc6a35eaa17be3b1badc233319345a8c5f74b1976ece0d9f69a43c3cb32c0c,+91-897130XXXX
28,P1974,Kavya,Mishra,64,M,1962-10-17,b221c4ec9b96bc099a89c4b63c560c0db5c50850dae0b8c929bbad8331438cb4,c62c0482be6d4598c0ac30ed395e15bb3370722acbe451618350a48160d40d15,+91-731737XXXX
29,P1973,Kavya,Mishra,40,F,1986-02-18,dc2b555b92baa6110cae9c13840668b67978f75173e11f5d07bddc911fd306c8,1b0d26bc329301df6d936f1e882ab4fac91ab534d2ff231167a0c91c88bfe425,+91-671248XXXX
30,P1045,Kavya,Reddy,39,M,1987-05-04,09348897270fc901944cef8228573d58fbc84250d3e8568b48284a1d42c1f7cf,e2c37ad620665aed16ac06af37cdb664638d6ec07d792df8f84953777f42e500,+91-687447XXXX
31,P1044,Sai,Iyer,73,M,1953-05-09,62ff315ec95cf152890158ba5b93b75c0665895cf469c28d4e3dd4c85a85fd69,aedc8851db10385b1926f5265b9f98bbfde59684596c90ec8138fc5c26df4ebe,+91-881292XXXX
32,P1043,Arjun,Reddy,21,M,2005-07-23,028c41d63f69279d5d3288d3b3b332255a1d63ed32ca4bcb75399af70f1739d2,9e23f5c13a925526a7cd217bc167234ef6098d027200415de24727c7a2bc75de,+91-719192XXXX
33,P1042,Arjun,Kulkarni,7,M,2019-09-01,0e8e5feeacadf4a0490cf76f6cf6076f5f81ca695feb42b6d68c1f6b3ab3a1f7,a1c36397db79a4089acbb21c758eafc7372404ad2d3617b5502271dd674e3f7b,+91-946120XXXX
34,P1041,Shaurya,Gupta,51,F,1975-08-19,9e9092b91af8eed0b0dda010417a0e8d9bb93f23bd2ec1ff4f05fb258cb4f2b0,44ab92ea8132561ad2cc245a386677a0a8e6a5f9a8945cacaa4e9d99eadcce86,+91-876133XXXX
35,P1040,Muhammad,Joshi,3,M,2023-07-06,e62c04861301d5df9ae992773773845f2df7f25312add7b390711f3c39cd9a1a,a31aeee6cfdfe3746b72997e61242928778c6fc6b665d2de2d491ee368f21380,+91-981030XXXX
36,P1039,Shaurya,Agarwal,64,F,1962-01-12,3d6db7d02b273cc235d19ad50e46af859af47542267363462fab29442def7d00,49d1d02cdce479b1516dd3a898e66293f871aeb78c6703e07f0900a460f03df0,+91-643496XXXX
37,P1038,Ira,Patel,55,M,1971-05-04,6a1d05297296389e84bba7d5546c6cee2f2caf2f04f4be25ea55666d6dead569,eeaea724b95db4b8ec750784274c6d52203e6d141db1568285f0e275118a197c,+91-723552XXXX
38,P1037,Muhammad,Ghosh,51,M,1975-01-20,afa962c23cad341fd185e0178421a420dc4b5786d1c9a06bbd3929c58e112331,6ce6d3a359fc7fd93e88154e66fc8e430be4c5541e40ba0cb1d6ddbb837a3300,+91-899647XXXX
39,P1036,Riya,Reddy,62,F,1964-07-09,e0f95c940d08624f1b2ca5a54608014485d97b4d5043c94a6996dae145b1c355,01389149240f4f728a88213b0158e9acc69602f2156b9ea31932cb0acd3a1684,+91-619013XXXX
40,P1035,Vivaan,Ghosh,47,F,1979-09-01,d88fba3c8073af55d94c3ca449814cb738cd79a809055ef598e037d7b38ea379,3b1c2f4f2689fc65d41a857a29aaf9d3dabd63974ca1c7ce697b82e600480d99,+91-762423XXXX
41,P1034,Ishaan,Iyer,62,M,1964-09-24,20f2ce9bbb93033c41c647d89c183bb925d19b0000e0f7923aed2151f54a01d1,6fb32492afe34f8cf42926a2fce2f0f2905748365aec769be0d993d197a5a7e4,+91-799431XXXX
42,P1033,Aadhya,Kulkarni,62,M,1964-04-09,e30ec22a134adfeed3e602da01d988b819e87febfbd1c8b62620e818bfeae23a,3774ecabdc6cc093653c512a80ad4d854d9187584f42e83f4b681cc2514f333d,+91-927089XXXX
43,P1032,Kavya,Gupta,15,M,2011-07-27,38071e4c4b90feab293af43edf797bfd8ce25d25050cb36ae33b7d914081f5bb,6647c7526eadc4b5cfe695bd5144bfbf534f9fde12b3cc481390dfaa142f75c5,+91-669850XXXX
44,P1031,Shaurya,Patel,80,M,1946-12-17,e2305aa80905ada0cced16bb86932b8147fd7a499ae8693de18d3f59f04fe334,04db5a9ca499f3e1212170b2d5d76b55f0559bd128dec35dc1748d3fe73ffe88,+91-954500XXXX
45,P1061,Sai,Ghosh,78,M,1948-07-11,d7168c245107c9463ca5b28bbb4cf1a09c5b77d66327db12011c8f24e23c7e81,4f001d07251cd4ee657fbd5d577ea51487bc7526a2ef6e054b45dc2792991ded,+91-911647XXXX
46,P1060,Riya,Singh,35,M,1991-08-04,399cad7e2fd246ebd7f87ae4afda8818a485db2dfdce26a9fa8ef7716c4b382a,c7e8a453ccd53e815fc6b6eaeb3de6f6775824c545a307673a89134d398c0afc,+91-914686XXXX
47,P1059,Ishaan,Banerjee,47,F,1979-10-13,0adaa2d1cb62eca01583b0c1a9b8fe0000a43ffc70506b40d93896e57d73d34c,9b5efe6e785990e0e921ee60e03ec0daa533fdaccc801899af40b5cc3afda5a0,+91-925955XXXX
48,P1058,Diya,Mehta,8,F,2018-01-10,537806a15aaa9c46452bd22f1fdf11c3ae3b52c25f2378c62aec4bcee69c5769,302010b6422a660101bb30b1fd74214b2b1e844e6568010f9aa1ad25f38dbd7c,+91-969191XXXX
49,P1057,Ishaan,Gupta,44,M,1982-08-16,f7d6c5cbcdb7cd43f0671923abad05639303e8eea2a2d3c72bb9fd90528cf8b0,213ef0c703dd6afe256a5fe5eb783135fdccc5ec0174cd4d6d0e94bdfd23888f,+91-669297XXXX
50,P1056,Saanvi,Das,71,F,1955-12-06,9be5c098c761d9fad9492301a11a8cbd2123b9d091fe373cfeaa33fa0111f49b,e4004fcda79f263a516b392d400e74ccb0c3de81f0e1e23248657d640f6b14c5,+91-991603XXXX
51,P1055,Ishaan,Chatterjee,60,M,1966-10-25,0a66fc7596354bb8c8a6b1f231a9914bf0f0172af7f58552d3e6705424d6d0d5,33f1025646c191c5f261dfbca11ef35e190bdd43721770aae53c4e35298769f1,+91-837101XXXX
52,P1054,Muhammad,Patel,84,M,1942-01-15,eabf1e495650bee0ff6cfa9f5c307a7408a8f62f34901dc6e476ee25b5ace095,90561819fc9a494ce7506b2111d80b916eb7b8f4118d2d8a3cb96d5bf32db298,+91-660466XXXX
53,P1053,Myra,Banerjee,2,F,2024-10-14,dec010b62871264a1329fc87905d2b5fc6e4d0aa91e2e79c5084ad50a4592e18,ae22ea97ac334712d057105362e79f3d935667cdbbf8a9e65208594e7b92cab3,+91-634580XXXX
54,P1052,Sai,Khan,53,F,1973-10-09,1a6c56e0c65b72db424b16392b68294cc8b865218b6683f747e8dfde9ebbcbdd,e7b8d27cec313c76cec23dbf09024847e2d65341ab41d933730072e1bb360939,+91-983946XXXX
55,P1051,Aadhya,Chatterjee,9,F,2017-05-15,3157eb47074daa84ed9fbb6a50fdf870d9aa1186726a923c4ae09e10b9223cc7,efae2ff6fb08c335af737a47b2d45e0f5f0ac22de108d05139d6d69550fce2e1,+91-755648XXXX
56,P1050,Aarav,Das,14,F,2012-11-08,eb9243e683e7b27408a3b73b71d617bb3bec963003116e8badd5987feca0db99,bdd4e604fb02c9b5017a5da62098f3fa0a7f7e30b8d0fe928e8b66cf015af255,+91-626807XXXX
57,P1049,Aadhya,Joshi,60,F,1966-03-08,35f9ab2c175a312ac6e7b5c2c91f8500b3092d8c2a79586b89a2ca1b751911fc,2be5696e5cbe3f124fc42dafd6ead6e00cddac8b2cd52cdeed247cdbcb4f7ae1,+91-941928XXXX
58,P1048,Sai,Mishra,89,M,1937-09-13,8b0e327bca94dce5ac6133c545b34fde8f2d6cba2808dac6322f674f6fc7eb24,da1c8683f66965869e96a479d41784ab47be8362f9177d089154f62017129a1c,+91-626291XXXX
59,P1047,Ishaan,Chatterjee,4,M,2022-07-16,d153d15f08bd1389b6ec42d3ea4c4d2501dd48c6a5b2e56df1b2624182f338ba,c48110ec26f7d1aa0891fb2359b446a323f6e8a701daeaad29dbfc79666bf27d,+91-611316XXXX
60,P1046,Saanvi,Sharma,18,M,2008-11-28,c92af55007ca65a9989d183bbfa6b3d48b2c2a6ba4e5d08ce73112559babbf86,5716da2be655ea2c2d3df10924aebe0a97947b290162268ce4657e6d43cc470d,+91-834425XXXX
61,P1077,Myra,Singh,14,F,2012-03-03,0c56610dfb42074d750970c97e502a17e99cfea64f3472de43be1a32f57e4271,a144a264e509ef0cc6bb4e5bd7334bf726d9bc6cdbbaa1d73d9c33c8b8acb26e,+91-859181XXXX
62,P1076,Kavya,Joshi,62,M,1964-12-26,1e2b124bd3be992ccc5d5c7127ca77be74c83102935cba817e50c0e5b5c77ab8,7d6d22ee4842b0943bd0ff45ed43ea3acef0b5e3a9a1f2bfb023c43bb3664a49,+91-690065XXXX
63,P1075,Krishna,Khan,74,F,1952-12-14,a508d4d8d56be19caf7b1122fcc587aa3b364827e993a343a11791a829dab507,7e729192b9b29f60f52459ca774822c08ea5caca2097450a972b0eda43124be4,+91-680980XXXX
64,P1074,Riya,Patel,34,F,1992-09-09,c6e381cad07a50baad8ea39c41b0fa07d9b20f5e3a65aaf30a04a2476091f421,adcab2bb3367c0443207989217dfd2871542c26e4308ab275c993b9c55a88a91,+91-717366XXXX
65,P1073,Ananya,Pillai,44,M,1982-03-26,eeaf371e3b1ab4b7d70d1b6a75b7b0ef4dac56c016caac497035e364a07c28bb,42e76e47fee1b7e7f376386c8b9b742b53a0590fa4b2ae55a1e3ea801df87f23,+91-816501XXXX
66,P1072,Krishna,Banerjee,18,M,2008-02-22,7fa979583c28087962c76fdf718a8a148ed0e9cf7bb035d35b27b9225e0c0ed4,d2a1469137a5499c04fd5475e84b50d840b5125a2afc5731589775344b44a41c,+91-980321XXXX
67,P1071,Saanvi,Ghosh,63,M,1963-12-24,a23f59ccdfcfba7e4d94f18e9038126c689a9b2fe291de4d99e85be60e951194,2c0cc34e8660920b6e25c0c5fe83a6749136c4e7b8d12774a3b8a480b2958d9d,+91-642680XXXX
68,P1070,Ira,Sharma,54,F,1972-02-05,aa88816b827f8e89600369e67556f3c6d6788a8c05b9c618b3c7790d759ea124,870996ccf14255a327837ac83423f6c62cd0e8c3d1943497126c3f5c87e65559,+91-682460XXXX
69,P1069,Krishna,Nair,4,M,2022-07-27,9c877c2dc1e0b7e32591be87accb1af537f77c82ea24cd93e053c8b9516bcce4,448440d2d7c32c37e62265bcbdbf67d5030f5990da30d7d8618ca473c1f9f3b9,+91-996391XXXX
70,P1068,Sai,Banerjee,54,M,1972-02-05,860c54a3699c33c9c60e1cefcee6f9cd87768ce97cfa990bb00418a9dd390bd6,a47bc48fd316d977236bd4d285c6d3e2ea856efd77d76329663f7411c84d357a,+91-724190XXXX
71,P1067,Reyansh,Pillai,6,F,2020-12-14,ef7ab22c188f57c3eed8120593d081d4cbec9f4baf53ec41b82c33df7ad248c4,cd0ded115cb4f8ba8ee884f35151e5887b30924e9b846295c5f02348369081b7,+91-882774XXXX
72,P1066,Riya,Singh,2,F,2024-11-07,c0bdab2806b241befcfaf8b8b3d9b8fa887d7417f55097b4380ed54e5c6c6c50,b4ca7f740b8924777a5ab0e732ec2f8a6397e975b3274ac27c6d883bacfda8b6,+91-699124XXXX
73,P1065,Ishaan,Kulkarni,4,F,2022-10-10,d5581e13e655e01a2565fdb7248c7ca9199474c103cca009fbc360d02f503b7e,4bd72edad7634dabd7246fedec40c909f8b79f5dad4d046c927fe348d6095770,+91-878605XXXX
74,P1064,Kavya,Kulkarni,50,M,1976-08-12,c90d8488c1c0eff15f0ee72b60f5c39e0878adb1a7d9f688ef3ce7d745e98be2,fe81591bc9aebbafbb79b0ee68a92a1fa67fb14e491a680b769279835feab268,+91-972616XXXX
75,P1063,Shaurya,Mishra,36,F,1990-07-20,740fe41b81b29f55298699870425911281b43608b6428fb1c7350f8b257b2157,e1d6e213de10979fc38cfd202c27988faad35f52a77824860832c3a014bc8f63,+91-848489XXXX
76,P1062,Aarav,Singh,81,M,1945-01-11,7764065d75802fe94322e7cd4cff0eefb21c9106ab16d6d4ba3b62d0fe6c1471,31980a648af3a75bb4f95139c75554ab432d02a4aaf15e356a71a3c50d6a0af2,+91-676299XXXX
77,P1093,Anika,Pillai,41,F,1985-06-20,ba2f2782371953d9d2c7d78549892312049c7e39c980046946c987647fc8437b,3c98e47901c6cc0a0175792d85abad1e195e035346957ad2a900dd50773c6555,+91-818238XXXX
78,P1092,Reyansh,Verma,60,F,1966-01-02,c79cb34e3742a471eb155bba49d5b04485a9f5541e1e58482f76e84d7cb2e6c0,bcf68293e4e4f721c44eebb650511dc3805ec71593cbc7bf7a866915ff523591,+91-917332XXXX
79,P1091,Ira,Sharma,89,F,1937-11-11,b2486d67dfedceaacab4e1f5885ff0497178296472869f390dcd38d1daa96c20,9a58cf716c93bdaef6afc2e50ad4c0df84affed8a925b6ea97241e314546f63e,+91-728629XXXX
80,P1090,Vivaan,Reddy,26,F,2000-02-05,dcd54ed7c24bc383c2d134812f4ade19f871fe829ba1e36b5ca29a4cbf953d93,1f946134a963faf7ac064789ed7b5ea57a393e856251cfb875ebd2377132ab27,+91-833791XXXX
81,P1089,Ishaan,Mishra,24,M,2002-07-28,ad0fd6916e746107f88585f8a671f936b6d94469e4b3465903a1862c53e9de0d,1205b871c806a795ab81a035a1927cf660d6096250cc931454ad06d58d82ce39,+91-828454XXXX
82,P1088,Ira,Chatterjee,53,F,1973-02-13,83b5e3ce11de7f7b3cee16b10c5da6739906da2a38f4e9d82dd1c55cd8e697a3,648b3abde06f08e36e509f37b1b66cdb5a489931b49408743589a615f2a9879c,+91-652635XXXX
83,P1087,Vivaan,Sharma,82,M,1944-11-26,9e2eaf7041e29bb3e1f5c80eeaea34a6357ec73a9d2bc65ed2dcd2ea850e5a8a,a49dd3460ff24e13c5e018f6c5a89e83b90231fb423c6361dc9f3a6e0350d1bc,+91-841079XXXX
84,P1086,Vivaan,Chatterjee,80,M,1946-04-25,b0fa0ed1b9e980178fe96d737dfd326cb4c44d665c4805bc1d6b49d27f600250,f3b5069dac575114f54bd931279838c21cae4cc57ebd27a1a44a062dee5271a3,+91-882823XXXX
85,P1085,Diya,Naidu,85,M,1941-06-14,c3d4891554b03ac8d08a19d2b53e98edc32bfb74c74c11f2097fe03c746f924f,c6979849f9f87c392c60406ecc7baefbc493972ae84278add3dd861a7dc45109,+91-682366XXXX
86,P1084,Aditya,Patel,40,F,1986-03-25,be39fda3d3e047b7aac7ed70200851fd2a659d3570287c9898d9cda7bd2ce05a,1432d1ec6086cf02f20ec3fb1d57a963ebb4f1c635c7cb5c6104e45063fe53df,+91-750393XXXX
87,P1083,Arjun,Banerjee,62,F,1964-02-24,142fa59a1062db224fdbce4eeea34443869bdde50a5a4b3ed40a725b754eee76,b3e22f8bf5bc2a8ae1865f8918b7dd0a46ab341e3d745a8c9fdbf1433d1e3d34,+91-629372XXXX
88,P1082,Sai,Joshi,87,F,1939-11-27,8036449ce28d3e6d085f09ee2269195ba2518fb8cc65277a7a3d0bcbf341bd03,8acd0a8b21d71c3126ebffcc9b2dbfea0d2f7326832f18c4633d5e624c1ef5af,+91-869728XXXX
89,P1081,Kavya,Ghosh,78,M,1948-04-28,3f9232cdc2498959b940812e69456773e250ac18bd8f8041569d71bb752c7234,59d8a47e88147d8cdf7cb55282321a3294da82bedb228c956b8bd5a3cd9851ff,+91-881440XXXX
90,P1080,Shaurya,Chatterjee,72,M,1954-11-04,c73a34198b7773db87bfc6bc2ad0bb79cd0add1ed10af5ac58590acfbd1fd288,488af8cc65706ea68a803d0fbdf039cca30860906d336da93a0f051372b31515,+91-619795XXXX
91,P1079,Diya,Mishra,15,M,2011-06-05,07d6eca6b4ae5c047b9a4bb082b7e553db1754a4918dba571f088572e145c606,1652edb2a206dd808e9b57c9abab31de50edc5e620541d348c7ce609a4a7d499,+91-756178XXXX
92,P1078,Reyansh,Reddy,48,M,1978-12-04,fd162e1f86eaabde09ee158a88fc86d463e8066676e8139ab1b9511f48079374,80e62b5cf2d5a2fc0af20c5fbdde1628fe84a18176835e7fd1d86beaf47046a4,+91-877035XXXX
93,P1106,Sara,Nair,11,F,2015-07-20,197ff2867f209ee640a7e27a55c5a22d11fae21dcbba4016970db85f6b26b3e4,6a75aa5cd7957512d213ab60e5387e14fd0ec1e3aaaa9a7863ce4a5aeacdbe2d,+91-952952XXXX
94,P1105,Muhammad,Singh,63,F,1963-05-04,61708f785bcdd560a9d984e9105c4bfef4830832ea22b5a2c2dd028ccce0cf15,2cfcb9b64da3ab56f84872db2a1bad4095d16f20bbb236e0dea0132a8e926aa0,+91-643886XXXX
95,P1104,Vivaan,Verma,88,F,1938-04-02,57eb577bcb755e9879264f069555739d12d6dc3cc2bdf15a4a5cd9d4aab1326a,ffde0f93cded964757aca153c7a5b7c0a4e6071d06b0e7eb0e97b23e4058f0ff,+91-714760XXXX
96,P1103,Ishaan,Banerjee,8,M,2018-10-18,baac44b47774291033f9a7f2edca687fe8ec990af602c30e9e0b05306c02d0e6,cf46a8247e37e3c87746946e2a53ee4771bf6fdc7812a0cdf14adc77d6633770,+91-921938XXXX
97,P1102,Myra,Kulkarni,1,F,2025-03-18,944138434feda33bf68383fa4c1899e1b6b0499cd474ff600171590aedee7f0c,52a82152f5eb9a9cba7b7dced33aa7fa06acb341fedd58e23e2d3e89f26e2f1b,+91-724774XXXX
98,P1101,Shaurya,Agarwal,88,F,1938-04-27,9a755bbed9a06ef0ea2e8bfe50ed7773bb15805fd054a232d0881ed8977b1af0,c091164a808955f435a418e279c409ed62ffd3adf418b7f824a5a3cd7cdbf30d,+91-869543XXXX
99,P1100,Muhammad,Joshi,9,M,2017-05-02,2a2d6908068461040efa76a6234321bc55e26d05698454f04c924ddf18aa46a0,07e2c002cb8f76b7e74264184eb81657266411fdd3aa454ca4502a58b2eedab6,+91-749496XXXX
100,P1099,Vivaan,Agarwal,71,F,1955-05-26,0eb35e002d76a27e5ec4defc1d582adbb70c3fc7da43830888898b0761a03385,b58462b7526ec1c2aadb4d9dc01928b9c1e9b79b51b743522d011cf4dfa9eda4,+91-787436XXXX
101,P1098,Reyansh,Chatterjee,89,F,1937-03-06,a24ec7a9f0c18dacc213a322232ef4fe8b5b297888bac17c7b1e3f784fc040c3,f6ad79df8d09deea5b335553b30f50018bd327fd7013dc5c6c4c5c13b450bfa6,+91-718285XXXX
102,P1097,Shaurya,Mehta,65,M,1961-04-08,8cda467181d793bbf6d5f00f217838df13603af868b12605d08e987c305f0f7c,0ba9bede70e4ce05fa793819ed12fd757ea669dc802a690ab83dc89d9d6b1db4,+91-781953XXXX
103,P1096,Myra,Agarwal,45,M,1981-11-26,97a30ca5974d706fcc8ded36f4ba85b51222277d5bac42bb228b28a443b2c22b,c562567886528a6dbeae26a9533fc9268cdc1e8191c665e15b13a84c8971bfec,+91-745794XXXX
104,P1095,Anika,Verma,15,F,2011-05-24,5437a0a80a284aae5c9fcf517da59f66607a067a80868359a1059a239745c81d,cf42487763e0da8e043043095b2725ed65fe253ae9b208f0f90a90a9dc578036,+91-840375XXXX
105,P1094,Kavya,Agarwal,29,F,1997-10-06,42a632dd3cf300354c1a1122a428f30f1230cf2752b8142296f3dd434b1da06b,ee25c9e416e36515bb242b242c201c4c53ef71194ad475932e07d4a39cc9f6cd,+91-716643XXXX
106,P1121,Riya,Gupta,48,F,1978-09-09,f5320a5b72679e0a312c1514b0dd1c1f7646c9e60222f10dd0a6886f92dcf0bc,2b7ed5ff8b97d77c2ef0d03c37e744eb0d27f98b80d98f411611d62b50550763,+91-814857XXXX
107,P1120,Aarav,Ghosh,33,M,1993-12-12,be48b689d49130a1ecd1121a870692c8f6ee8bf3817deedef01941759ade2ead,368a2c2dfdbe25523a8669f2e578bc808f24e01673e887052c98f8b1db23406b,+91-815224XXXX
108,P1119,Aditya,Joshi,34,F,1992-04-07,24e48d95db633259ccc4a68e3d92dd6658f84837195adf739b502a380e713875,a45ce663eae58d987d30426dc67f6e81e161cd47ca344466725d03e7da987f57,+91-791939XXXX
109,P1118,Vivaan,Reddy,12,M,2014-06-19,c66fcb4e3f7b4aa7dd604ad6aaca2ae49b453150cf5ac15016dcca02ed2b84d9,8ec1cc774f5efa3b0cfdf051588b7c27efe0d8f235f9dd0c4f184582929bd87c,+91-923155XXXX
110,P1117,Aarav,Pillai,72,F,1954-02-11,c2ab95e825ca1845c6e223196f15c80e642f16536c8f06d48be7af12d5cfec80,d4f6578e85299eca5d0de1f08cf3eb3b5aeac6612f05c4705f1f0fecca6fba6c,+91-959869XXXX
111,P1116,Vivaan,Ghosh,73,F,1953-03-15,b5c43490f6f69b8a1a5a2fc11ab1176d02a85bea1c4cd1683b7a4daad8fdd396,47ecc0464a8763b97b543dba90ecf4a153ec44a9c605df7c841b54ffb21abdd4,+91-976368XXXX
112,P1115,Sara,Singh,7,F,2019-05-21,2b26abd3575ce76187ee1122b68201a816769a424831b4f96ef921bd6034784a,12eec91e440857099766fa6da38be69bb6a1664220dda6e860f2fe003481b17e,+91-773544XXXX
113,P1114,Anika,Sharma,28,F,1998-09-03,834222f901b040f29025c6ec1b92b5334e153a846ce01b24a62febf731f30014,009af3463433996ca42c961defb932e9f56a358e6f6a7924a5b0dceb5cf435ac,+91-744645XXXX
114,P1113,Anika,Pillai,41,F,1985-03-10,4342c3536ceb1010b3333e9c4f4287fc846416a35e750a73a3967c9f45d74955,1b7944c23fd1be341c0943d244290836eba779f039d072929d8f384ca0e508b1,+91-983026XXXX
115,P1112,Sara,Mishra,5,M,2021-11-03,6d2af6fc582ed8e975908572212209028959369683250dfc9112ad1d14e0b3bb,8c22523fc0450be1c4a6cee7b8c9f0bad34b9a93d47379892bc8292cc99c9e17,+91-775707XXXX
116,P1111,Krishna,Sharma,33,F,1993-06-15,a3c57a2bec4fca838f16b34b9b9e38d50f924ecf1d38e949c741d6ca5f83a42b,e6dcb1e14cd5c402c10ffd6c0f2b92b53f1f5248c2cc9d9b902f5680e83859c1,+91-795222XXXX
117,P1110,Ira,Khan,35,F,1991-05-28,50ae3be18a84f14b84ab4dc986f24fcaf6a1c392244ca93d7ade19014026117a,4084a221e4574c120b214d382f7b9eaa0d4e514c5d2c097b25fcd999a24c96b1,+91-723168XXXX
118,P1109,Vivaan,Chatterjee,35,M,1991-10-10,cfdca4f3d7400b344cde65aa3f47b91d053d9c813eb5fc6274f7c0682ebc8c4f,ccde312c818b8ab251efddcffabf6c3cfdfe52d87da63e3b06ef416b1df6cd50,+91-836801XXXX
119,P1108,IshaanKulkarni,Unknown,8,M,2018-06-13,e31f501c41881c2aa18a8392265143f9730834d94d39b14833e547ee00ee8f13,7c92566326c266ad2ad6be0a1b9a0efc006d9fcc99c48947c6c0342f807019c4,+91-851108XXXX
120,P1107,Anika,Joshi,81,M,1945-01-24,30d23413eb04a8c749b636508345c233ab4a4a7d9556855dfab5ea11f02ee26b,1ff9214d59dd029869f31b5ac69bd13c82fab540d93afaf784fc7794e0a581ac,+91-844489XXXX
121,P1137,Aditya,Iyer,9,M,2017-09-23,0186a44ebb0ebda5abcb96ebfe7e0b8d1eebfe7231028dbb1b8dffaac22161e7,52d228063d20b852989754b2e4b37114010b8a02b736c46dc2778d42d6026edd,+91-758852XXXX
122,P1136,Aadhya,Verma,27,M,1999-04-05,0b167603a30df161651eb3cfb51fc02c1be643a01a1a8ac4c36c3c4304a5e05a,f105766e1e3b429d32f601587b1651bc38fcf8d815c272636f02535dddecefa7,+91-716670XXXX
123,P1135,Shaurya,Banerjee,14,F,2012-01-09,b1f484aa09d658462013fafb0de4a7ef6dcab15b8d08154096cd82d6b9154c4e,c8a38d1653130609137dd93f3a809d9107db90f33dca5d41b195f1b27acbaddb,+91-761266XXXX
124,P1134,Ira,Verma,5,M,2021-11-04,c97d0c91a2847a6e5f7af3156deeb9e3428bb54e7ef985691f2271da9d13edfc,5e19f50f36c280f11ea97fc5e9fd18345a629d7a54ca64dc33b3989ae9fd2ff4,+91-711512XXXX
125,P1133,Sai,Banerjee,1,F,2025-12-15,1e1c9864ea4f80a9417b97fa8294e3fd321b5ae3be5d6c1019e6c8ae10d7583e,1ffbaa7c0ac6e381cc66114dd87ff8c6d86dc3d562f19a6c4dd6f4a33ea3fe00,+91-840554XXXX
126,P1132,Ishaan,Banerjee,3,F,2023-10-20,39b0ec6156454bfa4c2b2b5d41d1acf5bb696e065253544c24b145819a1d822e,d0545e3c94225d109a048455b27cba4029780a52c869d08e8034c2629a8ecb54,+91-767461XXXX
127,P1131,Shaurya,Banerjee,78,M,1948-02-21,a60ad4e93dcacf3687383f3f4bc02430aa0ef29779db8e2388777473503c23cb,10c74edd7a2ab394a453339a82d0f54d8d9a5a4887fa2f8f1131b40c0f52f9b1,+91-683142XXXX
128,P1130,Shaurya,Sharma,47,M,1979-06-23,f25cd93261c654619259d12223854f83222ebc860c07b1521e9309fd8a8d6aa4,3be66d2c296ea391f42feb8ea493beb1be749fae09fdbffb2a0b11f6a50a9cfb,+91-824739XXXX
129,P1129,Vivaan,Joshi,65,F,1961-09-09,2a6c0b50dc5ae3233dcf036f84282da9251ada4259e8e73e592c0bd2fad97f66,cca735022d1b12d5560736c852f7951a599c5a762d53f1bf82a21e327839738d,+91-952362XXXX
130,P1128,Diya,Patel,35,M,1991-02-19,4b1074691f4654c9ae4fc791eddf561cef17bd5e83e348d07af068cf723e4ad5,e1f64ba9a81f353ee07ff469db56406d19d9b3e5653059c4479aadd9903c720f,+91-869924XXXX
131,P1127,Myra,Singh,86,F,1940-08-07,e7dbf527c6cfd7cd493789be6233bbbd14cab6fe25ad339a58fe5671725a7c86,817446129a147a407b907be334ed4517e6c59493c1873f9b1f314f2cac5d996e,+91-881106XXXX
132,P1126,Ira,Gupta,44,M,1982-09-07,9c375d0fbcabf12a8a196ab003a9cd20be2aa9bfc324306889ae393268431235,3853011aa1b475c640e29463d8e90a90027e21d46d3569f16ed08e219949c691,+91-712033XXXX
133,P1125,Reyansh,Reddy,37,F,1989-01-19,7a8a282d97bfd84188843c85b342e95d1e4431c8a8534d2f10b042db7a015df0,04af70a366812c5d12ec7c03f2213fa886b7162d8607bac17c06a943839830af,+91-938511XXXX
134,P1124,Myra,Verma,88,M,1938-05-26,de22bf6e2ffcb7ae076057373d67107724259c92218095fabc2da38cc8b114c5,7b5eedbb120e7c2c09ccea89d94bb349b7e638be1c2579240fc53107bc62d9ce,+91-864472XXXX
135,P1123,Sara,Khan,62,F,1964-07-20,6674483fb00736cffa8bc4360b34890741484d429c51fcc9941372fcb1af81d9,5fa52790e022e59ee0f893c7487165f95c6faffb4ba158feb71bb5481e2e2a52,+91-786621XXXX
136,P1122,Ananya,Verma,23,M,2003-01-02,521c5e760c3f3c55793ad3fdccd80cbf248cfdcb47bcf32c2b343ebb4aef7766,311e065ed3b45c25e6f218a37a55667df5b76d2a0885e5e0e3a3cad27acc631c,+91-623815XXXX
137,P1151,Krishna,Sharma,13,M,2013-10-21,89ead4ab1813d87386d95fd8997d44bf2a926c3f080816b08249d9d25ff53525,876192aa78f7d2876f735b3f3e40325bb7b8bc96abd96ced5bb12b928cc5bfa8,+91-692070XXXX
138,P1150,Anika,Agarwal,36,F,1990-09-02,bb8e2af8955c3a3cf864fc3c0ab067e52a92ad0f354e1a87046ffecbd83c2195,8e0b1bc3c296df73c9649a2ac335a74db3f4233b42b71615c2de2e1a9cbefb97,+91-837630XXXX
139,P1149,Ishaan,Nair,29,M,1997-04-16,88441ee045af18c374f98f5b85cb08ec782dc3110a2f43e70cc3d7c7fc17470c,a6678a9f5088be9f2b7f839e5ca043367fe3fb94d8877743547c67a11aeb43e1,+91-711741XXXX
140,P1148,Muhammad,Chatterjee,43,M,1983-01-19,fdb3749bbaedd9aa9f5fb94dccbfc933153514a356f9024ffcc3fea7a06bf4d5,3754e74a68898bb36221354b07a1afb6760951996f62da376ca24eab082c17d7,+91-843116XXXX
141,P1147,Reyansh,Pillai,15,M,2011-07-15,97d2d3757efd17ad0a72a05387154d26f76b8990080a4ff0898c72d137292387,b4f062ef201ac18542f167775c43b6650e46008a8c46a73e6e250f1ad4081cd5,+91-811646XXXX
142,P1146,Krishna,Khan,23,M,2003-08-07,4b85ccf07011600deae9c10f9777877fc70ffba5ba9a5a23020b9fa89c7139c1,c227bb173e36d27cf7b65cd906dc7a2f69b284ffd748520a8f2640f97df832fa,+91-667513XXXX
143,P1145,Ananya,Pillai,4,F,2022-08-28,f31201e899848f7e4c4017cd1b49656b571e895f9162cd6c683565e3a42c7afa,e628b47fd378c7d8387c8242270037a454e1e1ac0fcd668b4cd1988ab2a5f5f1,+91-916187XXXX
144,P1144,Aadhya,Mehta,52,F,1974-04-10,a9cb779f8f3387766e098331aae5878eeb5c6f8b86e00df55a04ca3a0fd91111,c8e6a371b0aa075f8222f3d41e7dc4fce4f71502bd42cab119dd636e73b5472d,+91-879075XXXX
145,P1143,Arjun,Nair,63,F,1963-09-16,187122a721f0896e9611753970c43c58fdc89f448566930151685bf5de9b15ac,3f62a64974194e27830dabfd9f115475a526104a341f823069269fb1fe5bbf4f,+91-835437XXXX
146,P1142,Saanvi,Naidu,51,F,1975-06-19,7a97f7ea90119044e02da58c96dfdee7b5e2fb67d176a8123567f87b4be17de8,0b5e4f95f20cbbeb4279ae6cd5f4e6ec85b497c6c74bf67859bcac778e710a45,+91-789514XXXX
147,P1141,SaiKulkarni,Unknown,77,M,1949-10-22,b0088281e6eff45d7c0a0eea7cdacd5a6e231df927bbc107cdfce5a2bb79b2c8,e5a97c0218cf63e8934c4be98527b9a2921f591a301711273487f0ffa1ad4ada,+91-787848XXXX
148,P1140,Shaurya,Singh,42,M,1984-03-18,cce46e6d20ecd57691da34c61cb34fae32618ee9b0e76ac9606cd5e9b4e1c926,cd115d0a70198dbafbfd09703439a215104291c45e24a79dc5e25f3daa838d14,+91-929325XXXX
149,P1139,Aarav,Agarwal,15,F,2011-11-26,19c4f1fa329e3c3df5c34a3348f5526926ae540879637739f46fb848b1ab2cb8,4784616712973d976254a0474f1ba1bae6e3bd4a36d72f86d96e9748f5addc7e,+91-919764XXXX
150,P1138,Saanvi,Mehta,79,M,1947-02-22,bc86eced81b9edae3e76b160456b87db6b8ad1f9e554e76beacf4e12fe6e78dd,cc905c4efdd4fb43bc3fe95a602e312275a6a6088a0892cb4a4016a03fdd5912,+91-670577XXXX
151,P1167,Riya,Mehta,30,M,1996-06-26,8b4b39fc53ce5566a9abd5ad4d53c011acbfc8f3ca0ab2f1a039abc86cf9ba96,a6e2a1070eb1769751bce544e0a2a66eeffa209ad61952d87f2e250fb80bda95,+91-694903XXXX
152,P1166,Krishna,Banerjee,84,M,1942-09-17,e5e26fedc51eff190fe103715c9d40e9f240f1dfca0896e37855dec8475b54ed,4d3fcbeeb7fe1238e93ff18b9c169e8f3c0c555f5445a84f9a36bef9736891e8,+91-778003XXXX
153,P1165,Ira,Singh,44,M,1982-07-22,db02db056bca53ee0d443a075352a4793e91c0a4de4fb93f5673939231a06b99,60a561f42a30805fc8d3b74cea0ef2c8dde66b892a44bf13370a842cc9eed6e2,+91-822228XXXX
154,P1164,Sara,Kulkarni,28,F,1998-07-09,193126b2ccd5839d2fdea90113876c3ed18b78e1510cda2c09303cb2eb94aaa5,c5c8dc53834b0a1ee1e7e42dceaac9b1f3e8eb42c632bc31845e16ff596e65a8,+91-844431XXXX
155,P1163,Anika,Naidu,28,M,1998-11-20,747c3422db5e6c22e6affbda236aa08b0f26c3c61ecb02ffad34097bc58f4d81,692c6955e8ce58ea760151130506c9987d9b132451cff14109a1980f336b7d1f,+91-759162XXXX
156,P1162,Reyansh,Reddy,6,M,2020-12-21,534b1f1fb22eea444e33e7197715b6dd26c415a1356fe1749434077729dce4c7,40666f08d9480b30947d23c95ae610f25ef47ea845a4a6f7bc7f3f2d425a3473,+91-862948XXXX
157,P1161,Krishna,Agarwal,57,F,1969-03-09,485c10d271d9a2d66bb33d7505a598ef12bd5c51b43ef3b034254233a0a15417,55b4a078c78c7ad82a6ecdca9b3d01bfc7ec28f693efd9b0b815f72ce1d84f9c,+91-851364XXXX
158,P1160,Ananya,Joshi,62,F,1964-09-03,43ca46f59d17b572c8e86671ee0bc40ebb39ae2419c99e8d7f859f051442e171,a65b1b626478d3784549bbcb05a3701132ff4ca6672c4c402dd2ac2eb8ba5671,+91-624227XXXX
159,P1159,Arjun,Banerjee,45,M,1981-06-25,3ed103be0005dc3c24a121a7790feaa7649e7165d922708f6568675f6e9dc718,5fecffe3423991297d1e80e55acd3be3feab7e39ff727a7935da0dd3691475fc,+91-618808XXXX
160,P1158,Muhammad,Joshi,42,M,1984-10-10,0ff9931b22a04906b3bf274e1bddabb26f50cb8b0b3198069a4a30a95479196a,c7178e85306368baec4b206d7a55a736b58ec528cb6fdf8be1ec6b20281bf9a2,+91-678088XXXX
161,P1157,Arjun,Agarwal,66,M,1960-10-13,ab4a89b331a399dd9951a9d315bc84bc8de76a402e64615c0097e0b17a62ef28,c0cdb7d10659f39ced7740533113f8e0a5e61e998b1e36f44fe96516be8ed52c,+91-851215XXXX
162,P1156,Reyansh,Mehta,28,M,1998-07-22,52262b9ec8213ddf108c8a022b42efbe7fecbb8f9ecbc58846947bde7861b9f2,338704418176682799787683083f5b16d846043114000b2937fa4d92ec1ac890,+91-629258XXXX
163,P1155,Diya,Naidu,86,M,1940-11-09,8ef15b5add861709f56f0df0303aab23d296dd23693191b0a15476cf9f27c7fd,9901b4dc54edddd1512a79de4e4cd1b1d3109f58fec4c6101545f5e13fe8afb0,+91-956590XXXX
164,P1154,Myra,Chatterjee,59,M,1967-12-06,c231ec1c4a2c31233d32e64fdb2e29f9e5359a558278851fefed4338fcb538a7,8ef53a048e5a83e4154a517a3c919de36e9ba884071a3703ffca9558d7b9d605,+91-784865XXXX
165,P1153,Ira,Kulkarni,71,F,1955-06-13,8e1f8b4dee71fbca3ccb0c7a76ccc39a2a2644e3bea8b5b894dcf8c9263b0664,59495c639d0422c5c4d535de86a421a50669ba03f467b77545c0c7f7244d8d7c,+91-721490XXXX
166,P1152,Diya,Joshi,32,M,1994-01-17,056a79ef92bc6ec0e117a29374b10f1267ba7cec1dbdd0a67c218ae73ccb434f,1e02bdd1e8d834eb5b042518a074e0119e5f27438f351b7ed71b91ddb239b8e5,+91-980790XXXX
167,P1182,Aarav,Das,37,M,1989-03-15,39c2a189daabc81aeeb00283eececaaad8f36a3433c3f1a83d26edebd591c1e9,5a18df67acfa50679e24b9458467a1e8eb161e2ccf6aa6ca22bb4126b9bdb6c7,+91-846266XXXX
168,P1181,Shaurya,Chatterjee,62,M,1964-08-09,3b6f4f72a597bd9c2397ba528545372cf65df451671aad5706e84eaba757e110,83411cba2776c0a8ab173bda61d7049146001f11b4aa5b72c45e799373251c6c,+91-962403XXXX
169,P1180,Anika,Gupta,9,F,2017-12-09,f6629496e6528963ad9d7a6090791a125c8c88fe72426123fddac27545066e4e,b8e599944da40f263e98931ad111294b69ff1c2cb55d50fe6a29c0aa0d2a36bf,+91-791762XXXX
170,P1179,Sai,Naidu,27,M,1999-04-05,d8e46f2689a32342f2cad2500bd15b16cd3693034978555e3286ec098a9072f3,5c470f0119f811f1a5e551ec98c14795ab147aba76be8e80d77055f40ef1f433,+91-744752XXXX
171,P1178,Kavyanaidu,Unknown,72,M,1954-09-09,f1c25276534873f15c3a5b37ef123988079ba7e05276a8fa7f6a92899646cff5,79e8b605d9470915a3300d291c196b26bc6c8ed7f5e8618477a1015e286dff4e,+91-732535XXXX
172,P1177,Reyansh,Patel,70,F,1956-10-04,f6bcd95733f4fd36e588cea0e100b437d8d75387014d7019414b4467aefc99de,0fde229255fbf2cc58903e0355c478333a7c558b7e10d581f82b95e050841006,+91-741362XXXX
173,P1176,Riya,Patel,3,M,2023-02-19,43db695dcfa37b10e8a297ba82b6c0fdb12b5e149692e1e0e340218abf366923,2148aed2767ef358a5452dcd61eef2bbcb81d73d6647791229dfc63d2d42da3d,+91-662034XXXX
174,P1175,Muhammad,Mishra,77,F,1949-10-02,0b05324f4c52ed4da4fb8d7bf2df4cc1a6f554e02ea8649f69c81af9379d08c9,b47d7e6034b0b8067b1bec8d50a87838a46270ac89e90cd3ac862f19a900fbbb,+91-955423XXXX
175,P1174,Shaurya,Naidu,62,M,1964-10-05,59cd79cfb360511468436bad18d3b4401b140393f87f21d238cf0ad2f96c7922,9e06962aaa204609d0d33804552fdc2061422eff87367304da5e1ffcc6bdd184,+91-682167XXXX
176,P1173,Aadhya,Mehta,27,F,1999-10-06,77182c117786e10620eb466431ac9d8e45aa7baed252ace2191d53a2e7d79c62,d31fa94f753de4dfc6987b6e742262822b6ed8059fbd40a244075895ff83485c,+91-638169XXXX
177,P1172,Sara,Banerjee,1,F,2025-06-07,991f1ec8524775c7b62987098d7f2d858d42469ee93530086663bbf87e2fe7a0,597a3fb5fff0389d7563b8813e8855c60fff7d65f6bed5ef88c8a624283b848e,+91-973587XXXX
178,P1171,Ishaan,Banerjee,62,M,1964-12-20,479582a6eeb9cd3b57599fa2aff430b8fe3f77938ff5815fd04a3a5c350bdce5,cce713e1b4151c863ff953730da6d72477a1842bb2644661df4d0306b75b5590,+91-769260XXXX
179,P1170,Aditya,Mehta,89,F,1937-12-08,2c6a0cf71c2539cdd00826205e8be20cd7f08c4f612149fb63bf03be7f63e875,2fa4298d5f50d36224cb376010c7083a4da75bd0a463e400119494b9802cee3f,+91-861127XXXX
180,P1169,Krishna,Reddy,75,M,1951-04-17,c2b95d5e2fe462ede8af5bed3eee30908ec6d20e2fe612b880ca611cdfe3e9a2,a5042dfe013d65577c7d7a3a4250700fe7c715fa81638f4b7400e790fc92b120,+91-747040XXXX
181,P1168,Myra,Agarwal,62,F,1964-08-25,c235bdbf03df8a9fc649267ebfc0f96b3040fbce55690b1f005559be04a486d9,6d2227a394903e9c75c8ad7596b6693ee3c0624b04bb3afd13ba22b4f136afe8,+91-611132XXXX
182,P1198,Kavya,Naidu,56,M,1970-01-08,43c9f7490f37a1f9f852c1217cc4228e713edf9c0da120ddb0429fdd795914b7,5638af954cd7781799a4ea3348b179d2630e0dda67a97132e510ec7c85f43b27,+91-889411XXXX
183,P1197,Krishna,Nair,3,M,2023-06-07,f04a3fb41be8089bb6a145f2f263fe8ba5c91a32dce223388d126e0676d646e3,4fe12c670ed9e4db65a3efe8f223eae599f2f2c073a7df2046a08ea784aaf658,+91-733964XXXX
184,P1196,Shaurya,Patel,2,M,2024-02-17,26f7e74efe52a54031869da90dae6e3381fd96843ab5e89aa5af7d37764905d5,d59ba5ebe8c65633bacff134beee5dfa1e12ff5dc4e8422dadd8341d94f4e8de,+91-729215XXXX
185,P1195,Aditya,Das,39,M,1987-08-12,daea2c399540997e3a852c0186191e75688e3baf1bf1cdf3d8ede1085232b97e,c53d25a9b5b6fb8f584b2e7fb85fcf8f81e3376a0a7c3d6e57e66afc83bc3648,+91-749480XXXX
186,P1194,Ananya,Das,12,M,2014-08-28,ab083d77f67667c1e543ff962681144efb255aa5417ffff7d7fc976edf964bc5,e2b5aece6639b0fb381196e007b442319d0cbfedb4beea507c19703be8035726,+91-896662XXXX
187,P1193,Ira,Das,52,F,1974-12-04,7e1f744d139efe0e65b75fd3c108a0c5360a66368e459f1530afd9e2846d1d3e,c3ebdaed02238af1dfd9548e5d6e9d410b479fb0a1ed8d4b004b9d9cec8c2942,+91-611359XXXX
188,P1192,Aarav,Iyer,58,M,1968-11-24,d5915035d19711fb7e3de93e72c635d9258876f061e086d39b04f95c718812e8,2a2e41bdb2d23b3cbf089ff9afbc142f65f20809903f037d5936af57e391e420,+91-643304XXXX
189,P1191,Aditya,Mishra,62,F,1964-06-13,cb2161c76eebf6d29e80addb067357f43c3e419eaf65f351c0b8a8ffdc8c6097,7d8a94821835f665859c64918d79221720e70062430613027bfd7dd4a7b1c9e2,+91-678777XXXX
190,P1190,Aarav,Ghosh,52,F,1974-07-23,df936b32d7d27f28231182f9c47ea06fdad3d8cc7cd2b37d20b77d3d16356d15,92365d8d87642a65f771d7719a5fbf4aeddfe9b4c4c40bff1b96fa7cfed09e17,+91-611792XXXX
191,P1189,Aditya,Mehta,88,M,1938-11-06,01135728d3ac366c2141344cd2123a497a4ceb603f93a0e0ba0bf6556228e6a3,28645f2dc1f9264137318088d4af34c025e9bb8c2f9ad6fa8eecdf1e6bf92e15,+91-978513XXXX
192,P1188,Ananya,Agarwal,32,M,1994-07-04,9166edb83d20f5ccedec5940e403e592fad69cd8e7c6fc66f7e9abd4f8d9ba71,094ee2fc0df7597d9fb6c819a3574821a4c58e2923bbc20eee203d2d0bbe2eb2,+91-893641XXXX
193,P1187,Aditya,Das,59,F,1967-10-20,9f7d974eb2fbefa5c76a5957b0195d9241e7e74577d31f5f99337e5fde570a57,7911091b59290317a82c50725bf96ac476dbad603ea2db4ac4f248f91d02a755,+91-790793XXXX
194,P1186,Sara,Mishra,79,F,1947-04-03,d2e61d70503b62992b23206700ed842f0c034f4869015c38b76775ecc89a08f7,fb6cef6649565f55543045a7aba23c98c1c0d8343e554af4a9eb1d032efb0b58,+91-717345XXXX
195,P1185,Aditya,Kulkarni,24,M,2002-07-25,a589164f9c8e62c146ccb51c223c238a58e04ebcbe7b8f1b86d9e9b27f927fb5,1d01481af1db340616ec08d97e46c5a1a1000cf886a7d2758a2e317bf2b75875,+91-655345XXXX
196,P1184,Shaurya,Singh,44,M,1982-01-23,ee146d2219441919b0cde33f1ddca8633a9e4e5cfb7aeeff2bbf75625b3d0443,7de2d02a6d9f4466d68bda21dad24927fd33fb4121d798ce8f2df7eefa7c8dd0,+91-756088XXXX
197,P1183,Shaurya,Pillai,51,F,1975-07-21,1383978cf691933167caa72509a5a0c50b319a268eec69cf32c0ff3d7214bd3a,957326d0b0c46136187f7e21f77ddba58825557490acf06073d50176571bd6ca,+91-655934XXXX
198,P1214,Riya,Mishra,55,M,1971-03-20,ee111306362091df4d18155a7a2e6dfa74028b427a9363aa49a483df083692a0,5b5346d79f7133c9e9acaf867cbf32609ebb2ba4310ac08598d5b5f96cf4fab9,+91-833969XXXX
199,P1213,Sai,Pillai,68,F,1958-12-18,c54625f6ea1e9d06a266584c0ff2c03b7878a789ade9f40806564b7121b68c35,edad5921307cdbfaa1adc3c316274be75270af4f8930ecfc885a5d50b86e66fd,+91-650114XXXX
200,P1212,Shaurya,Joshi,32,F,1994-09-28,614d4dc12fb636178de9472ca8944c4eb35eba2187be84d7d8e62e984ef7f286,871a095dd1a4da9f7e4f2edb576bf839e274d50c2cb678bf1e14a907d2299999,+91-645619XXXX
201,P1211,Ishaan,Agarwal,70,F,1956-01-17,9903ae656b8e80d7bc6124e59b55e40159661b90af13f658baa966c1d344c9c4,d03c1b774a89d80a062bb5f4ae2e55c82e26da4da5a8c5b04e5579839c2816bc,+91-770463XXXX
202,P1210,Saanvi,Sharma,32,F,1994-12-23,df861b3f363b8267b311a98ec2e6662d663fdc814c0a377e9a9d069a7ab44c4c,36b33a69e9454656acf93a111dd6295d6e84711869fdd3512e7e68b49ab739a5,+91-692039XXXX
203,P1209,Arjun,Mishra,44,M,1982-11-08,f52a825c878af0e10fdeb99062f959d501aced9de1453a54e73da0edb366f39c,03f9a6b69298e0c316a128bb55d33c2f68042f5f143cba8681cc1268d69b49e8,+91-874114XXXX
204,P1208,Aarav,Joshi,53,M,1973-05-06,30c127b31f382145aeee649383b1a4ed57cbbfef6ada679bbbe40571cc339cc6,81798484e2176e9380fde34c1c757530d41e9ecbdd4951b2f6219ad9d609db18,+91-777726XXXX
205,P1207,Sai,Ghosh,2,F,2024-03-14,48399b9b5331613198c443fd075f4b65e813bd28bbb7bff5522a62c59c43f820,be84504ca9408bdce2eca8eb36d97616b6e982f8d63543420950c6e97cab3f87,+91-675939XXXX
206,P1206,Diya,Banerjee,19,M,2007-05-15,de2033cdb8f24ca2362e2925dc6591276b17d61d6a5482f97fff6d6a000388e5,e155355b56c101a16fdef1673a4b14bbbf98b52c7d0f1f9fbc16b04bf6345e43,+91-628037XXXX
207,P1205,Sai,Naidu,1,M,2025-02-02,2483cda2cdfe52782a650dbbaffe81fdb2e84949d026df2cbf91a568916c164e,7a260600574731d922147eb3cf5b5bb3f8561234bd9d72946d9698f9cf90c582,+91-949968XXXX
208,P1204,Shaurya,Sharma,87,M,1939-04-05,3676db6af29a0f37447de7dd27f4a807217170b9238f2af4dacf665eaf36d341,8cdb37af37954fa6c39516a7d8bfb925b6b6f7719bc40583b49fde0fa8d9c862,+91-713337XXXX
209,P1203,Aadhya,Nair,54,M,1972-11-10,8225bec4199fe0d8a4aef35181d36b2dcf3cc5fad832a35dd56d049cedfa943e,2d133d12b61687aaf0369e23f24cf6f102d4ae0abc5a7d9f3eb28a5151227b01,+91-626923XXXX
210,P1202,Aarav,Mishra,2,F,2024-08-09,fc8f623c730257a56ee4fc3b76473ae30e1ba03748ddd6cd5a5229edd80ca3af,c045c3f40326e05c2d422dfa72db266cdd8ae25786aba7746f7ff312d0a5306c,+91-626687XXXX
211,P1201,Myra,Reddy,2,F,2024-04-05,0801b4d6d9729a8246056139b3e93722fe15d6cf6011cf27cc9e0603fca960ad,d87681f2418befffa77caa8094edaa0f80b97abb70c63250191306a18c570798,+91-981129XXXX
212,P1200,Saanvi,Kulkarni,59,F,1967-10-19,cbb81400dbdaa3cd489a3f1792ad5e1b3af7669997ad737ede9c2deea3a63127,5c144774ad453c60d849a6453be1c9a27051e8862617fe09161027fe8dcac0c8,+91-614713XXXX
213,P1199,Aditya,Pillai,81,F,1945-03-23,8beed4f2923c9c3b1633ea4e83609fddc3e4f2a6e51541b70bb6def69d0e29f9,a76a5ccc7edc4feefc84bb57bff126bf786d1bbe779a16574e2660355b329f65,+91-878283XXXX
214,P1229,Arjun,Das,3,F,2023-09-13,1258e273841d6528e3cbdd702c51012267969b494be41846ff40c2e0d5484ff2,133b078b2567c53562cca0ceeefb621a556b287f50958019dd267d13d259e03d,+91-628654XXXX
215,P1228,Anika,Iyer,80,F,1946-07-05,bcd9e1e6a3112c74921e31d9a5cf20d3a205ef77c28c3edf2ef74959f93d0470,374de98409852f3358925664e2d4a88aa65d2e397c9ea6dcedf610cb341ddd1f,+91-630179XXXX
216,P1227,Aadhya,Reddy,70,M,1956-12-14,f28206e79c6b3fe5940bbd242b999f1b02419c4be808a9e68b06d8fbeefa15ad,32dc0d40d9b3a4ccba1a38f434270d476010b7ce29b8654abcb3ed42ef7bf80d,+91-812172XXXX
217,P1226,Kavya,Chatterjee,59,F,1967-12-16,50d3945a4f03f5159be76e0ce2901a32e8c8f6d0dd60e8e1a311832e1c7f362a,4a2a25619b5f363ce531999b805ced18c48a82954860a12be6b21b37e476eb95,+91-914022XXXX
218,P1225,Muhammad,Gupta,73,M,1953-07-21,2605ebd45582cf61c005e1e4f7d22abb16aff86bdae51c6e1a90f386970bb5f7,7797fa6a14f2f153390e53886fbb3b93ccb68b605de443362566c5f019850ae7,+91-725912XXXX
219,P1224,Aadhya,Ghosh,16,M,2010-07-04,c527a609b122b251768979966fc352deb2d757a9192c5f2b41c88dd9b6fe3cf3,f0ad69c28b323e2984835bb6b87bf6b62bc108a5c8f41816a787811e1a82822e,+91-619344XXXX
220,P1223,Sara,Das,11,M,2015-10-09,45cf4bb467a3887975c169e95d6e30a86fbbf6019a248dfd44619ccd47d4710c,d7d4121cb14a51780e194a92e9421a14cf835dd8e7bf765a5990f1c6171d5f25,+91-722915XXXX
221,P1222,Muhammad,Verma,86,F,1940-10-17,7e64633e438790397751df24801e2d7585fb9ebc4639e7bed4bae64d579407fe,44719e3ccf794e5058e6489d2a28e2a46f45e1b4b872fc74ad7352aa25dd3f3d,+91-651565XXXX
222,P1221,Diya,Nair,70,M,1956-10-08,9d5e82ba4c704763a0a5a2f92cf0b14bb61952430b46f0da55f569b9274632d4,8f856df9e276b6032992b1ce4fa6f3999d4e538bc93ee401a5248a1b1279d9ab,+91-857216XXXX
223,P1220,Shaurya,Singh,69,F,1957-03-15,dd41123cfd3cc2283984d014924383700228338ce1baef21b4cf8055ad1cfd77,ce8aa4bf4bcce1217f8f4fe14ceb68276c04d70a284a72e57155e213c436bf77,+91-922402XXXX
224,P1219,Muhammad,Nair,24,M,2002-11-10,dab744cea374810f3b3a2ffc2c90d37d4863f21dc0a0b9b97bca83ad6f094933,11913ac25106490db8d0b33552b0e41d014af9158a215cab542d1356ea6a01bf,+91-715852XXXX
225,P1218,Ira,Iyer,38,M,1988-09-27,e6f10d1496fcf0cd6e48ad212519f401c5d05b215dc425a2d2383edb1fa4a2a3,59e2157b0949997c977b9b9ed207e029051e383307ab603dece8f0e8fb349323,+91-832070XXXX
226,P1217,Krishna,Iyer,17,M,2009-03-02,b3a7cbdaf935f315079282686e4422d10e3cb4052ed74bf7a05f64d6d7aa12b9,28644b99f5e9f60a39a9298c874058603fdad0cb8fc6677d502aced63a3d5dec,+91-927276XXXX
227,P1216,Riya,Sharma,56,F,1970-02-11,8babceaa00559e684a7ae5cde1640f5a18aa00d80d573fee513b9d82868c1cc5,77e8f4f9d1a92c1a4d18b95b4756d412be2d149e96e8c5ae60213124d2847bc9,+91-920890XXXX
228,P1215,Ira,Naidu,75,M,1951-08-01,6620ac00b7766d2aa3de337afc685196b243ac9de44b66037b684a914bbaa814,0b1ebec750e66fe77148c43f2190d40f17ddd83daa322f6698a5761bda4166c5,+91-778681XXXX
229,P1244,Saanvi,Singh,11,F,2015-02-17,36013ece8708d9fa76adbe9afbf4226d7900bd430a850ed963c825d1879f3398,0dd6903cd6940aa8b1175015e5d302155c984569dbdd79ace162182f61f9981f,+91-860937XXXX
230,P1243,Aadhya,Chatterjee,1,M,2025-07-04,5cdf97665094c4444a9f4b4341b56aafddde52e955a7370b879a6fd53cc08ac2,e7ddebe0e295e87399b9774b8bf089417f32c9594cda3a3616ce23c103e45017,+91-978753XXXX
231,P1242,Ishaan,Nair,82,M,1944-12-21,2e23596e4c10c4bb87945cb52d1b644b2629debb7b7e356ddc7d2fba1f3c1e21,fcc375dfc03b0c8abc16514342e8996608966d4a1b077bd21c8d53b42a2e1c62,+91-797188XXXX
232,P1241,Aadhya,Chatterjee,39,F,1987-06-25,e678a8a60c3ca9f4687f1bba41ed2475702d34dc503eac277a048b583e737c9d,cdda38cac58419f3184889298a0b3357080c72d8b5527753c18eac322f12cdda,+91-698459XXXX
233,P1240,Anika,Ghosh,40,M,1986-10-10,5ba864b07d3c9539fc290c947ddd34f0351bc7b9288815cdbb8f7ef21080482f,5488dc383ac7318c5b7bbdbe2f575fd8e8306a70d6abeea5ed919aed2392b6f0,+91-644597XXXX
234,P1239,Ananya,Singh,33,F,1993-04-24,dbf30b4748faf9955c1d027af63f7ea407256b4311b83613278aac15f603d265,a720c69261dd75e212aadb5e217040f3edba9eecdc8337971637e3408b3f4bc2,+91-994311XXXX
235,P1238,Ishaan,Mishra,52,M,1974-10-25,19835c6c092e1d995b1b037a27d719dbc0aeae50a210d043449ed8d8587bb875,4207b2d4fab3b6a4eca8a0cb2dc012150e8ee49c89224bd3e49ff552cf1c0d4c,+91-743971XXXX
236,P1237,Ishaan,Kulkarni,71,F,1955-07-19,b51c6b796282bd1ab0a1f2370c9446b0eba81dbee8501a770f5c31c9509b0aa7,c9d259d94887f0313a3f16b71d628ca438c43fb7a24ce2b7d998c28ddcf705f9,+91-660704XXXX
237,P1236,MyraSharma,Unknown,20,F,2006-01-28,9ed79f9b0892e03b7c32cc74312ec22b0c552df1ef8b1ccfcf22716e2c91961e,88554ae3f0f98a8b4eba149080d5a5d4f55a31bb99de3894a6ff66047e468290,+91-633864XXXX
238,P1235,Arjun,Ghosh,19,F,2007-12-23,445d66ab7ad291341fc6e035843f205275c8469185749b0ad187d619c597b41a,1c5242900be055a77adbd12fda34c8da633f200716e28980a130065188c16726,+91-787447XXXX
239,P1234,Ananya,Banerjee,67,M,1959-07-22,e6895f5fc57a08f9b53dd1bab8d6786458a0b40174299df860d737d0bae51f45,acc957e504a3495ac8e70ee74e7ae54513761fca04a35e5c8bd7c6e0a125ed17,+91-916854XXXX
240,P1233,Ishaan,Agarwal,19,M,2007-05-22,d7211a61afac2ee10690895b86cf67bf59205d92bf48eefe52491d5473bb1328,9c59a821599b28636410ac58dac9af822c78d7414e8c53e7584ed0e9572a70cd,+91-882713XXXX
241,P1232,Ishaan,Kulkarni,36,M,1990-05-07,6fe61bb6b0985dafd2ff0313bfa4d3b46a53f432f31c92f4a3b30045afb653fa,c57282c4e9e7eda4817ff1acfcb85d6b176f523140fc02a71548aece7137bb80,+91-779510XXXX
242,P1231,Riya,Das,59,M,1967-11-01,e840f019f50bd3fa946af4691fb61550d878009c1d47a69df53e4b062cbc3f55,baa10952f72b90fa7bfa4b437b3967822841841237ca46d6afbfa7482fc148e1,+91-812947XXXX
243,P1230,Kavya,Mehta,20,F,2006-12-27,57e24658ca4bd0db30868799b68b29e9e383ba2a92e9bcc1ca15fbd2b2b8df31,b0c3811c434ce6f86cd2957b228ec75b68c79f42b0faec98b285e6b9f699487c,+91-635977XXXX
244,P1259,Reyansh,Pillai,37,M,1989-09-23,3fc9cab2d510c4f2130edd001e66744b7a839f10b361ebf33196b038d50c9bb6,8789b3d7c4d3c5278969800c35fc7ed198211b38a1a7aca78627193cbafa3f28,+91-885322XXXX
245,P1258,Diya,Pillai,69,M,1957-10-23,855e7cd8ce66c84df755fc0800e1cd235925db833862cd96d613b6f8edd2f550,555c7eb7f9d722f214d90a0df595f999eacb406aa791db525e812f1b21a29ad4,+91-864128XXXX
246,P1257,Ishaan,Banerjee,12,M,2014-02-13,0cda66537e5e9f2537d33f43d3083785f8bbf7dab05bf985baa388cd9fe56ab1,358d726c93b4bfe8e5eb263001bcb46b7f0bff236c665f88bdb26dc7004bf4c0,+91-763561XXXX
247,P1256,Krishna,Mehta,48,F,1978-11-19,99c98a3b785e6ed84515c6a9bd926b52ffa5a1c990f9921e75dae8af52b54224,04b1e58148954b4a92580fa50585460c296ef0c9980401870454ca61a813b402,+91-722964XXXX
248,P1255,Aadhya,Chatterjee,1,M,2025-05-20,b6d611a6bf7ed1c9ab0877413350aaeae3b5fb66549eb8b0965278c5d6a15443,1345222d91bf870969135c9e3d19000d26b7c410a847e593beda4a6afda4e670,+91-646652XXXX
249,P1254,Muhammad,Khan,2,F,2024-02-25,e5e964ae0255b61e6f0d5ea34721fbed94b5421f6509c85ae60a1f02a5262b86,bda78bf0acc509f0a55679b5c258c2ab20cd727849936a59d6b89759e8665c01,+91-946598XXXX
250,P1253,Aditya,Mishra,60,M,1966-09-18,2d65890127dbc0ead8ea183502387cb586b6e299f8f3adce025268eb364dd090,811fe54896bd2ead1db55f4753818136345300a9b23f3f372756a757622331cd,+91-990019XXXX
251,P1252,Aadhya,Agarwal,16,M,2010-08-11,4c0ba09e509a437b8fee429e83c153542190e9e162ab4e32cdeef692d1778c30,b794a986175b70c3277f51065739b9cc90e2f6cdcf0ace1d8e871eeb505f7698,+91-664431XXXX
252,P1251,Aarav,Pillai,7,F,2019-06-22,6686e33c150fdfd8c9a25b94a239611c7baebc8c92512552c3bc2e19834b4d09,67c4c48b8837b00963c0a0748af12f5d1f01079540406056a21fb0ce030f9005,+91-685652XXXX
253,P1250,Arjun,Singh,42,F,1984-02-09,ebb4a205d7e97d59519ab2a5be10753601556b20f1a5f701a1f2ad3bf4ecbe7c,ffd4632d7994fc8b7d117222eac4ac4ed8a3e8b4356c693a89e210d080184b19,+91-929462XXXX
254,P1249,Kavya,Pillai,31,F,1995-08-26,8214a769b681457b21ee4c63d1df363b438cdf0a375ecdec891806d82701142f,b801fe3360996d6103c1b742c05bc789b0591109efe61cde26583a45a86b8612,+91-959020XXXX
255,P1248,Saanvi,Gupta,23,M,2003-03-04,7d8681fc891c5fbea4bb60a911802912c18b4bf812d92ddd446e8e1251916ddc,46eb1b2a6746bedefb564fb39c666b01e692e9c6b70ab06760333672045fb7d3,+91-691411XXXX
256,P1247,Arjun,Agarwal,50,F,1976-07-24,40e98881e3d7dcfd0e79e40882d46b94e1f1bc2d78e8ff0fcc0de4d08f064109,d05796e36a9a655a2f2ce3f827b689026afd0b1d0a8ed20ec9c1c92de8585ae4,+91-879185XXXX
257,P1246,Ira,Iyer,89,F,1937-02-24,d59284ad8c4f25a9f2e033b045d1f8ef2fa7dab7e348e729658f2840044e226e,6b55ed34aca7ee04225a2b87f853732a523c6f2e248e2231f79e11524c1f9ea5,+91-932300XXXX
258,P1245,Arjun,Chatterjee,57,F,1969-03-02,e9dce10ee6aa57ea2270bb3f6ebd7e16cae9001f95b69617fdc3984554b74492,bbcbd555393d80311515c440a8558c86d577569ad081ad18c16dedd38eb0cf0d,+91-640355XXXX
259,P1275,Anika,Iyer,84,M,1942-10-03,23e959954c2f63fd053ec826690a353adecbf2a610dce915a5ee0c77802bc6c0,e50358a520a1f2c0fd5202995f79b23e226b82a769762b1a078938e34b62d02b,+91-641208XXXX
260,P1274,Sara,Ghosh,38,M,1988-09-15,b9f820affe00e2dbf6b845b0e90b19014994123062dc90fbb1f939ef66738349,2b69c10674ac62114f58437cff6dd667e2be3e7078667156264cb92f8be556a1,+91-754308XXXX
261,P1273,Kavya,Banerjee,36,F,1990-05-07,af134d36b77e8aefc9eafbc442c2cb7dfd70cbccec1c2b122f8fa673af747f1e,46b78df3ca785edabcce361d6d5985e41fb3731256f05862433ddb2984d30717,+91-811197XXXX
262,P1272,Sai,Chatterjee,72,F,1954-11-05,828375c13bd865a510353ec7f4682d76f0399baa35c92459cb6a319aad194f3c,bb59da41bbd9349a16fdb0190286176ac8c7850b2234f3179dee133e3d06ac18,+91-640227XXXX
263,P1271,Muhammad,Pillai,75,F,1951-11-10,2a3cfd40ad7d0c5f35df20fc4bc1c33d3703c9286f421d80a18d9e6146852986,5728761feb47143ab81be4e6f0cadf97a0038a9c18c92ce2e0fb0655117346fb,+91-982294XXXX
264,P1270,Reyansh,Nair,24,M,2002-07-11,622f950d3654b4a90256a6474f1633e5cf60269aaf708814f9d7c0114b8bd108,b8c2dee1458ba7b752681e305e9746183355aa55a13f90dab5136f8c98e7852f,+91-617864XXXX
265,P1269,Aarav,Verma,33,M,1993-12-11,6b57d9ec4fbf9a3cbf6841c7367d33a2f8d0bccd60a8ba9aec0117bd1d2529b2,78e9a4fbc2bc95dabb061b2763cf7868815e17503209c2db4b53abc907f30211,+91-677316XXXX
266,P1268,Krishna,Kulkarni,54,M,1972-02-06,6dbe009f98604902d47a7f62ec41c0a771cbee955a8b96d16f5bc4d76eeeffc2,3dafe1eaf422220da75d4e62013b2027d84a04e1598654eb0feb4e9fc6906945,+91-812652XXXX
267,P1267,Saanvi,Khan,24,F,2002-07-09,88b8d36102a945d2fc43dda13d281bab475ec2fda830da9689d84a315aec1e4b,7f63d143452ac4bf31ab3c2003734ca3c4b0fdc0bc01be3d138a305e552f509c,+91-970272XXXX
268,P1266,Aditya,Kulkarni,20,F,2006-06-10,5213fa189a1fe86f423d29bcd61dead55545ec7c8de9c5284ef37cb7d90667fc,13511a6c90ec91dd59d1e6c6faab373754cc4d65484ae38f670f14c6570e6453,+91-694423XXXX
269,P1265,Aarav,Nair,3,F,2023-09-08,8dc0ac2703a0661074eff9fe1787715ca79ac1fc5f0fb2a62745636bd6982cbb,b4f769c6e685fa21fdebcf425e12ea5bbc686f73a2b1e376c3d37caf2eebc254,+91-714288XXXX
270,P1264,Anika,Ghosh,80,M,1946-01-11,c9d165f37ba6dd1c138e809c0e7fcb05fa336fb471c13d92297905667169ebe2,ecd1c0d723800aec5c735a4189f1ef395c726f7639d3c4171ea57e38a5d45167,+91-788928XXXX
271,P1263,Riya,Das,48,F,1978-11-03,2334f31fa1478de6b30169a565104f16ec34c045caad42003abc2ebcde50dcf0,96ea21f56462d7a56e3b48f3af352fb8c9bc788d250545ee5ed36a1ed0331e3a,+91-831806XXXX
272,P1262,Vivaan,Ghosh,19,F,2007-09-02,89fc3c3789f9c3f91f34a60f047a1dcb077e49f1f807472544772462f5747047,72f557b6f9daa2eba6d8cb624a717b0c8b0243a6ddf5e19ad6dfe1aa0b13cfe8,+91-676154XXXX
273,P1261,Saanvi,Nair,9,F,2017-06-27,f975755f0b80f68e3fc8179225246c8a26beed9c4b8026a94a67bdc2fd56cc2b,fe98151c23efa085c959af22a6a2ccd19252d3b8fdb14fd092eed33a7e998a65,+91-681967XXXX
274,P1260,Ananya,Mishra,32,M,1994-01-13,d81a603b2c70c0aae3db60d405727017a5b45c4979e0fd209047598a9b93cc30,c6b075b6cfae03671936364afd533fdce8b7695704f5e00c5674942f23064994,+91-691687XXXX
275,P1291,Anika,Verma,48,M,1978-09-14,367d93aeb417b990c5f89b53d9c5d2a4464d30e256b136ec5a3f19c27c1605cd,4765690f83b9616d83bc0b236dca984f76a79a8f0b76e2f04bdce74ac1a2778e,+91-665809XXXX
276,P1290,Aditya,Mishra,21,M,2005-12-24,8b2a78e52cd1c93cd8186a0fd09f155398351db11a94c157cb5def8f4616859c,aa6d9995e61271ddea87434bf5841b2e40b4719fa6783531b765429fb182a0d3,+91-655686XXXX
277,P1289,Reyansh,Reddy,14,M,2012-12-25,6b462318d8209fd02d502c20ce6b3bf53b39a1672b6a0ec5267ad8a57b91634d,ce189d509cfbbf2295f5670ae2ff269ea1de7f7775a21718519546c2e7c44abd,+91-693201XXXX
278,P1288,Riya,Khan,33,M,1993-08-22,dd23f9f847b2c9c19c0ee95f9927fb842a39396987cad0d0968e6c6d54626b73,c1e2b523201427e7206959a08a548837cdded2fc5c4f670ba5d61e65cee62b59,+91-998746XXXX
279,P1287,Ishaan,Kulkarni,68,F,1958-02-01,991cb8b238b083444be59d701846230dd1c06cdcdb9fe4408afc5217cebf744f,b66ac5e5e2ce56d90ac7a1f890922aae3225ba74fc1090e324376e1c0f94b6bd,+91-776916XXXX
280,P1286,Aditya,Mishra,33,F,1993-10-05,43091f5166cd862d4c95e8e49c0c80ec75f37b5bcf3a9f29b2a38d89a7c93687,78e52773e501d7f9449798ab4a800afb318f9c0288c9242eb3c9ae9b6a6b5056,+91-974355XXXX
281,P1285,Riya,Agarwal,41,M,1985-03-09,19f6b98adae586d0ef381cca7d15b0557a2d4299dcd0d961ac977f5750f196ed,e8573068c96e066556ef7a626734633198428074bc3a08759afbf2e4b00c1c36,+91-912410XXXX
282,P1284,Vivaan,Mishra,61,M,1965-04-19,453c006b3fd86d72a11f5bd54276efd6a150ea8eade4f91b76145eb657bb9ffc,6ac358dfebf9ba5cee1e3a247528521f84a882354fb90d537ae05bcb89d3e5d1,+91-726131XXXX
283,P1283,Sara,Mishra,80,M,1946-02-17,928e5da49715b79c0eac67eefb675c24dd3ce5aa75b38af9d09b263801ee5a1f,d161503679f776da2e6bbb8d68afd2141a750171c3b435a325bd0b42023e8b04,+91-765444XXXX
284,P1282,Kavya,Chatterjee,35,M,1991-09-09,399e06c653080734a5eb9114c368a57b855e636da17388e1d657a2c6f32bc1f1,ef769562b3b3024463f4d5464563cc9a84c0aa3378e7daeaa6e3ba5b17d57b3b,+91-685563XXXX
285,P1281,Krishna,Joshi,54,F,1972-01-21,6349ffe9945535b70b0b24f75614b23a44240977eceb11df6473dfc2edfa338c,10f7066e9bb29acc2fe16c6eee18a91dc4383e77cf5ba0c2501b6c982b4c3e8b,+91-934883XXXX
286,P1280,Anika,Pillai,66,M,1960-06-02,7220c5473770492c621ff27d8252e4d9455f0516b8bce16cb2d8b594d80a6df9,8ca7ba0a4a9f05c5d34a2195c7aaaa3f15458d3233f2e87bf01f5a0d9bfa69fa,+91-681154XXXX
287,P1279,Ira,Reddy,82,M,1944-02-13,81590ff7798f9c791fe9aa0080668c0eb9b598daf45de736384a359db8b39d02,31f80cb96cd0ce5cecd7a4f42e977050f5b983a04126efe6e3f9c09bb24f8e52,+91-868354XXXX
288,P1278,Aditya,Naidu,18,M,2008-10-07,6d224a7164c7f9aaee4ba3a4ba02cdb9d58682a4447169cb3155dc00c2ed6fdb,370f515965bcd1e4d6a8359caf43088f63c946b46085c0d4a5897ede781713cb,+91-640130XXXX
289,P1277,Sai,Mishra,25,M,2001-02-06,ebb44130bf6c41c474d89f71876e14f16e7f51a13e3fdda7ed009ecc795bab64,55a36c9bd3b5b26df4ad7b7177122065d5b285b6f6b03d9109d3cf72dd42f775,+91-786471XXXX
290,P1276,Kavya,Mishra,89,F,1937-01-11,ce0834d64a87e2197a94578341bf96500b8aa4aecae5ee7a28a350accc13f38d,6985b0d3685ec9434ae8d2fedfbc00427b741350e82ab6a9e774490261bee531,+91-862168XXXX
291,P1307,Aadhya,Iyer,8,F,2018-05-09,afa435848d7449f94e3e478953120c8f7df491ec5fa6a281b2a9ff249030eda0,39ea30b4d101d0d3027c9add994eafaac54148d8ab9d3ec5fedd9774aa53149f,+91-931052XXXX
292,P1306,Shaurya,Verma,54,F,1972-04-18,c4cf535d2a358705e099d79194ee0114769a371bed9fae35160b946172765263,4672abef8ab540233aaa9b4665f956749993a9c5a5da43b450e7df8e43e5df74,+91-754999XXXX
293,P1305,Shaurya,Kulkarni,51,M,1975-03-16,5a822655c61d1914f5634670dbba891ca9e4d71ab5fa5acdbf2320fcc3c08704,5bbc90e1abbfd3bb63c2478ff34726cc50e730265b189d85fb2400e973fea1ac,+91-644943XXXX
294,P1304,Myra,Khan,38,F,1988-11-07,2daae2196a5707cee8054799070b7a04dd351023ce01ca4d25647f1771dbaa4a,95f84842954916c7851086d5b7b0a38b6b9b3698c3d44c5bf5ef0cf66443a59a,+91-968064XXXX
295,P1303,Ira,Nair,30,F,1996-01-17,b20c25eaf3d530a2df098de43deaf0b57556f2adf10454837331de6f68b7e35a,d7e0299e194d37b7f1eb6e995315fbe93c6be360612ed2ca69b4ea5004f1724f,+91-876643XXXX
296,P1302,Arjun,Kulkarni,22,F,2004-01-28,fc03c2f23035a0558d6576ad0fa737127f8e2529c48fca532f8ae7e4d63345fb,4600fbe044681944f9696e7017283cd896fb38fc80ebaf381c2348152d4c50f8,+91-734610XXXX
297,P1301,Reyansh,Patel,86,F,1940-12-08,fa41288b93846c7f5b2e8400658375d96dd4ff953e4095b1132adf94ed0a536b,4fae66d64f7461e598b6195ffba7ecbf613e8e2741d6a9fb45857895da33c333,+91-669544XXXX
298,P1300,Vivaan,Agarwal,59,F,1967-11-24,7db293385dfc5a4e98602cf31ea57237439fb38955e7999fc891e6b3eddb1390,471c6672408cab48983c6d62717b94a586af2260c77cf7cf4e920dfe4a63bdb4,+91-782682XXXX
299,P1299,Aadhya,Mishra,76,F,1950-05-03,04686868b50cbcd7a20b56dd261bcb13914a6d1dded37acc2531a82fbdc17d29,f5ba50fd47972bc4642ad1fb7dba67192e4f6c73942368696a01b1f2a8907b50,+91-884538XXXX
300,P1298,Ananya,Kulkarni,48,M,1978-09-27,11099eff4388d9f25f5af24770c56eaba68a962448008dafe5f0198517f25e20,f3bf1555bec2fe16e1bcc5daa65e8a05b49673082f4efab26c97b671682fb78e,+91-638036XXXX
301,P1297,Anika,Khan,33,F,1993-08-13,5dab51cf50ed4d3ebf11da3cfb8f9f213764f0e936854900fc2a38d2a2232be6,33035db0ce491529e88c08040be2e200d70df1ed02ac344a4a0ccd4c1f92efa2,+91-689126XXXX
302,P1296,Aarav,Joshi,17,F,2009-10-07,c905c005ddb388338383d2938be1e3d6b60761df74f9bfd774f43e9c65242926,58d4dcd7d6463066938711146d6d91749fbc0a346b75c6ea2e96358f53c1d363,+91-776055XXXX
303,P1295,Muhammad,Agarwal,67,M,1959-01-26,226df68f248d48e8884149950cab89963f6aa5fbfe875293dc2198416e362502,0bd1cf188d8ff4f007016614a85687a6726d28eea8f7ec914ff954933b0f22c4,+91-975924XXXX
304,P1294,Ira,Naidu,7,F,2019-10-02,9c6ae4ac4ec3a9704f4f8147f2d179f474c37628b3dc2b8ef600ef8609dc5dcc,cc4cde975e87798287e6f178ae6a4be077f3192f78cc1a13111b0d180cece700,+91-751779XXXX
305,P1293,Aditya,Reddy,8,M,2018-10-23,dd2037e5097c1154dbc4791d9b88d70e28f7be763f1e6d36339c29ebb5499e17,0c412cf5d2c511411af8c103537f804d2b4e449af2490ef08e8812aa0c07e029,+91-893128XXXX
306,P1292,Myra,Ghosh,20,M,2006-05-10,935067c06be3c712b8c1980c3a402b46e6b38bf8af7a1ebda952e9bacedc4841,e45b6bde462271807ff35215cf5eeddf45b74ba0364ca82cd23695bc9ffee1b5,+91-875700XXXX
307,P1323,Shaurya,Verma,44,M,1982-04-01,ba7cd86b47f7c172fae152dc1235a3101659cd8fe34c49a987d0f0eeb38fb2f8,c0ef28763991518d7ca9461fb9fcb3e3dc05296112215cb46431197280efa41a,+91-748700XXXX
308,P1322,Krishna,Iyer,17,M,2009-05-16,2f7d8db5e5ca9a042c3704f41d0d3deeefa1784508980b628c7bb9cffe4606ac,a1d9f6f3e962a47cc24b3ddef753d2016f232ad9159ccf1d3abb4ad31443c7de,+91-988954XXXX
309,P1321,Anika,Kulkarni,49,M,1977-12-02,dff54273807e495bed8270d8b7eacda0a2b7d6312105c401cc37435619165cee,4fb6fdce78c5be84be8e019455d7ea4601c2d2494ea035009db030398be6e711,+91-917664XXXX
310,P1320,Arjun,Gupta,64,M,1962-03-02,e5a21d483e04eb938bdb6749460316d62de24a2db6e753956233025bd70c386a,589ea7d8a3d33762fd111c1cc8bc18459f4906c03fcd3b2c569cc572c2a1b4d6,+91-626179XXXX
311,P1319,Kavya,Chatterjee,35,M,1991-12-01,c52f68aaccc8c61732810fe7d499e1f00796b0e99527c8719ee0f2e567495916,3bf4612ee3033a11fb540052ebb54d7bbc09434c73a38b7bfb1429262614478a,+91-930163XXXX
312,P1318,Shaurya,Ghosh,4,F,2022-05-23,1d372bcd255edfdfc0696791145e0033b6e37484c8660de30a27a4a7ff624e2d,48ddfb495e1409de7364db25b7ce537fd6c41542be92a35e9744c3b252b33024,+91-840566XXXX
313,P1317,Ananya,Chatterjee,19,M,2007-11-08,22c9cd96d441340071aa4e662289dce75c144e69a45ffec5c25d4466fa6f86b3,8d4aed7db52e7e53da76cbddfcb9feb81e799c1c77bf66f987ffb7f80accb835,+91-830247XXXX
314,P1316,Aadhya,Khan,48,F,1978-10-08,45c2b286b2854caa2613bb21975ecd3cf86837a3d5e284d9f05a787bd39138b0,77c8e9074410c52b7723ca3ef2a2db4812a3c83a2a30c1c1cbdca502fb808638,+91-666190XXXX
315,P1315,Kavya,Agarwal,61,F,1965-03-10,9c9048b0bde4b2b5d003134938258eb89c5bc84633ef94a96c97eedf6834df52,e17b5a9652a7a59a4c61ba14c6223d81ca76e93a156c682672d96f6e72c7c8de,+91-966206XXXX
316,P1314,Anika,Joshi,69,M,1957-10-15,a23e5e7bea009a1d9fc5c37b1e0917d604c7bd67e8ac987582348dd491ed517e,81dd743408013a7622cdc0a687629afb99d7bb9d6517ad82487c6cefa3686b9b,+91-613774XXXX
317,P1313,Aarav,Nair,64,M,1962-09-27,4ae09537eba4fa6b7e0329f6a0e589c844c5da8d20733b1587119150f11dd4f8,c804333aa585cf821a005fab7cab4f4179f2bdf6315889642526b2e137e4505b,+91-621159XXXX
318,P1312,Sara,Verma,28,F,1998-01-25,76579a78f2aa0b5c6b3846aca0646bea40c1418a4cafc9a2e805c7a974665423,378406aeb1e792e3bf5f9a1cf7cba96fdb1262af34769c5aad16b58259f08d07,+91-788143XXXX
319,P1311,Anika,Joshi,30,M,1996-03-06,9358a50de50c90ba786eaee8cf07004998a37c8a64a7897f5083d84d221c2a53,f569b1674b2a2abf5a7cba9fc1c851cd848b91f4a18db0ef2574a9a89ea42e71,+91-743659XXXX
320,P1310,Aarav,Singh,21,F,2005-02-06,e2a422e74686347fd26f8b002db7c7ad7ef2ad5ef805875d292a4c5b68910ede,b396da0f1226cbab4a4c924e96fdac716756da02ed3be5c61f43ebb6bc80a390,+91-918418XXXX
321,P1309,Ananya,Agarwal,27,M,1999-11-17,100c616548e38e66a2295bbf8f95145cfad46a08f29a3fbafbfb6d2fee8c5557,03737482f776c332295e6de3a2feedd15dc51608f88a0a1ac49c4a65239acff5,+91-812129XXXX
322,P1308,Sai,Mishra,27,F,1999-09-18,9d19a48d32d4d35afdf358ad2d0c6587fe842741bbd1c38cf05ebda32fc83e6d,fcfd41d462528bd7a109c5eab9945e378baffa1b0ecb5fca567e69a1e909a88c,+91-652778XXXX
323,P1338,Aarav,Naidu,18,M,2008-08-19,2c47d5d58b0d354d5b52ddfe4789ab81078de1746ef5788816c28809a9696944,bbcb3cd9c6268dd021bdee0cf03cb70ef00ee6be054972e0dea07c9949f455a3,+91-990835XXXX
324,P1337,Vivaan,Chatterjee,67,F,1959-03-02,fe497e14ecf725ba7a61bc3579d156bdac01fc8c8a96d742344cff4e8028be6b,b991e4459312e951b5fc78472d920be737202da226abf9bfbe9b09a1e2575752,+91-678063XXXX
325,P1336,Arjun,Iyer,33,M,1993-12-21,04210ff970abc8aad71f87181573764228b86b64b0d291921cd7b983b98f6afc,6fdc8fe91bfa72d0877bd170eab3c630e478b62edf541297dfdaf1fcb7d9da2b,+91-673912XXXX
326,P1335,Aadhya,Pillai,87,F,1939-12-23,3d2a0878b146485978609f7d040a061ef535510a4bfda9222bc3aa7b9f74bcf4,b9ca26c01d9639a93c2f0cd0f0be849ed5f776966384949e56957df21148fa47,+91-735017XXXX
327,P1334,Myra,Iyer,32,M,1994-03-09,ca88f964945f293d8d66402fb6eb0a094eaa6a5aa916932df09a933cda73dc0b,26dd2ced2d034e88f8ef053a2f6c4f1d0243e94caeceac59a7b73c78e3b26052,+91-812330XXXX
328,P1333,Kavya,Sharma,85,M,1941-05-08,df7e4b7c23935738ac6ed57070b600e9343581db3657adafd4a827764964f622,7a923f5c0c4633b01282e6e3d7ff835213566505293529fce162d1cda10ad779,+91-848655XXXX
329,P1332,Kavya,Joshi,63,M,1963-07-25,bc83ac153f2072692643380cfef1955b15f28595c2162ba00dc374f09ac68050,b69b5a0823ff17339a83b371693dbbd1c6b2eb91c5b8b194defb01e92628aa21,+91-947830XXXX
330,P1331,Aadhya,Naidu,60,F,1966-09-11,6a63b44b394dc5cd9e0e1614d8f3f18951460315b7bdac99ac78c80a9cd2a3bc,f1f960f477da649d29080e48c9230f6c8d93949166c1d26f531e42f7a67b9d57,+91-769960XXXX
331,P1330,Myra,Agarwal,53,F,1973-06-26,361edeb47425565a2beb78cbb0bb344a57d0562e83bba12ec449a2453e65c176,7f5869f7dbe6115eb617e9c88cd5433c967a062a6baa59b34d4c3caa6b4ae180,+91-649336XXXX
332,P1329,Arjun,Sharma,46,F,1980-12-19,414ab4da8a8a80561025830bbaa5a928446d75c0b55f048b8fb189b3d3c92cf4,781a5ead54b4b9fdf37607801f96a1c8936ce55c33f8a8b7cd3309af5bf85abd,+91-729181XXXX
333,P1328,Aditya,Das,24,M,2002-11-03,84f6194635a30b9ec080bcef036e12a5219cd9085d82c0a795a2909292118ea6,f43069012830dd408e8bb1a276b76a75c05855eedf22c1a8ba17d485721b3112,+91-930387XXXX
334,P1327,Anika,Joshi,37,F,1989-04-11,ebd4e0b958e9cf2212e1f5c2a0405d89be33df058437732978adeb051de75f32,6601bad14a63daef3f8b8b5975fb83059f2610a1f075f824d7a1d95da5da8dca,+91-941747XXXX
335,P1326,Anika,Kulkarni,6,M,2020-02-17,43a5f3b9a635d89f2cf96de90db17fecf8b4717fa488fb8fcf8f7527e05f1e87,5ac6109743113e8b78a78081ba853a8b60f95910444a206336472278db32c8f6,+91-868275XXXX
336,P1325,Ananya,Banerjee,46,M,1980-01-16,5d55c756aeabae991c35952318ce1d518fe68bcde431c9410744f2e8f602977f,fd0b96ab5b1afe10524b4468871a3d6e1d0f008b9d42c105f845f8de93355623,+91-623510XXXX
337,P1324,Saanvi,Naidu,30,F,1996-06-21,8e38ae43b2eb67e049a3f35b9db15b3fc9cf4de20d0d18a413fd007534f8b92d,353eb9069c438433d517c6d63673418bbd3d03f4a7a2cd0085152706428b9d6b,+91-983917XXXX
338,P1354,Ira,Naidu,9,M,2017-05-15,913356e009702d5406d727ad624f6a65f60e5bb93bf758c84853d44503a66576,f522ce91b232468a4c98ed5d88786232e8c819cd5eedf6ef0a89d72835bf205a,+91-658491XXXX
339,P1353,Ishaan,Kulkarni,33,F,1993-11-23,088b85ad5613180c5d34d5f4d78b0a21211a4d0a0fcc492094de84141a309682,2a1b5774a56e970244d0bc96e5cb655743987a6ef26a836be7e627ebfdf452f1,+91-936498XXXX
340,P1352,Sai,Gupta,17,M,2009-08-23,408e65abc5ed39f9aa2e32e5849980e7a9a5186f9a9bee2321527bbe07c01058,8ff784111ae867cd394ca1fa110633e01baf1e1a7e0ed432906d3ecf7027a3d1,+91-734295XXXX
341,P1351,Arjun,Khan,2,F,2024-08-05,5e26eb97a5972bf606be87fe820709ad1c996b939b77a7d10b802efd0a5eb1e7,a0bbc766649eb6ebf891e0e3ce627ccf7a8a7c6bea02353bb0072221675bacb7,+91-734794XXXX
342,P1350,Diya,Verma,27,M,1999-10-08,8f6ad1a9a2f4841674e8c84d76353fd97f024d36dca85b8f5c870f84d647b921,ba2f022fcdfde2b70cd35fe64e7e1f54401ba4b079d9377640c4ca6464b66a09,+91-857567XXXX
343,P1349,Myra,Nair,66,F,1960-06-14,f38dd6a2850bffa0a0b390cdfd610c5b3bf6433a67bcce5380dbae3a110e1391,2c06f9ca2db012339226bfea3a1d448753d1464c3c88dd8a56703f91da1df7a4,+91-756177XXXX
344,P1348,Shaurya,Naidu,23,F,2003-12-23,fcd93bd33a4e4ea70127fd1fbc539554fe229e1901f57889d0e67a29482473fe,d7078dedc1ac0b38dc41df9104b8b47c22ffbed188086e38a22952640f589987,+91-943541XXXX
345,P1347,Ananya,Khan,86,F,1940-04-19,756661335ca868b5106d056ec7912223718d8750ceadf1e71d69ec91ce32ca47,fe5ab50010ae851dd9cc87eb20cdb3a238c2e9f84f0acb0d0a74777cf62812b2,+91-669586XXXX
346,P1346,Anika,Mishra,47,M,1979-11-09,200f97628efca3b80e07462e5816645938aa5d601696ac0533f1f487f859006b,7220e937c42d6158679b93adf213c04b6ed1016d375df0ef178d26829ed52b36,+91-845816XXXX
347,P1345,Aarav,Das,32,M,1994-01-08,7d3496902b17a3550668b82870c39e1292d948fb001fcb5b5d207f025783d477,341da42a0d2e8e479dfcfff3b5dd6e003aab766115d8303cdca7d975d9208428,+91-964604XXXX
348,P1344,Aarav,Reddy,24,F,2002-11-13,e38751c22e78da07b9cedb90ea58123ef8187e2771699af154ec6f7fef53b386,0e2dd40ef21e21bea80eb68d0850459a57e5644077c262599be895a22161c17c,+91-831549XXXX
349,P1343,Ira,Das,46,F,1980-05-06,9b76cf07bc03c289c891652c3002163a8130ab77aa57b5925422a00ca787b2e0,e7eb3bf476f908b613d127c612445506955944d92715f91d9979f9f396628eee,+91-731883XXXX
350,P1342,Reyansh,Nair,67,M,1959-06-07,f682997c8ad28d7eaf07c167eb41f940805a7e17f95ff4ce0f1b4dae56c76d7a,68130a5ca7a496603b6bfd87579b7fbf717e5d9dc1f35c5f173e77b213b87e7a,+91-689411XXXX
351,P1341,Riya,Das,58,M,1968-03-25,1508390bb12817ed7d0013e76fd719f349676f3b34b9f7161d1e2b77835342e0,81c005a23ec037a91aef59c2835bd3473a1b54a492734edffc95e791acda79ac,+91-692643XXXX
352,P1340,Anika,Chatterjee,54,M,1972-06-12,d928103781956dbe521fcb0f70be56896deb330a03233814f9a39db243d1f0ba,b249560aa83038fc26e6c2e726f485506b6d150ab35adb12be50bb80b9f36b7c,+91-736018XXXX
353,P1339,Shaurya,Gupta,25,F,2001-04-18,96ee72d7617d97e751dc60b87a26046f8a7d63ba09ff2509d39e75fab65087b2,4ac0909145c133c2868b0dd1955b77844473aae24f497294375107eda780c599,+91-938191XXXX
354,P1370,Myra,Nair,65,F,1961-04-03,5457cb7ccc5c856c98d33ef1a3bb493c6c0399f3d76e1d6116b28c4185c79431,73c4bb6c0ff00f6bacd44cc05459a322f75718eeee99553d41ad387f199128d9,+91-919319XXXX
355,P1369,Myra,Joshi,20,M,2006-12-02,dd43a2c8d6f6d393d7b46a908617175bee4e92122459141fbcdf10dced95e323,931d77a6045e74fa588b09260da83ca92172b8d14cd314f4ccf2fc0665e9b13b,+91-813347XXXX
356,P1368,Myra,Pillai,45,F,1981-06-03,95834a10a72dc8c4509cc055feadb2b830f458cc727aaff6e7c59ee4501734c1,05be9f6a9deff099bfaf1db0114a8c3baf58281a9eaae7fe11ea1ecf11f0af77,+91-859657XXXX
357,P1367,Reyansh,Das,36,F,1990-03-21,d87ba26bd574b8e3df4195ea53df8f6039d5f76d9adfb2e4cb24faa39d6b6812,156d9357a4ffd95ac735f01a2c55f9c374bd3b0e320747ea02879ad8cd69e6d1,+91-852525XXXX
358,P1366,Myra,Gupta,57,M,1969-01-04,697b9151244c00e0c9450859bdaf9684d8818b050b399d92934f34b16461d530,4dba94b1d1eb2b122a6523b68e5653a4af17a9bcca39f2d3bb8e8ae10fa7bde2,+91-847543XXXX
359,P1365,Anika,Das,7,F,2019-07-14,57ddfdb9c238558b188faffc80c65f98a84707fd470e73dd5ff20e8aa9c9e290,fda4932bd44c3bfd7a7733d743f9bd0dac6a4fe49a33edac644f54d6fa66cdaa,+91-996756XXXX
360,P1364,Aarav,Ghosh,60,M,1966-12-21,ee001844bc1daec8c6c2d5fc899f1d60e53621603283516b962845dcbe602009,2027f15e289a9adbf4609c3cf0538bec098712c84fb19cd75a13047997dd939d,+91-855854XXXX
361,P1363,Sara,Iyer,13,F,2013-02-16,6bc6a8c28d1414cb187312fc59a134326ce36d91902ce1431bbd53ed34d1c346,7a8c3d109a3804d07c6ba7b10640eac0921bb771b969c8c71dfc4bdc525af8ed,+91-684584XXXX
362,P1362,Aditya,Ghosh,24,F,2002-05-16,09a2af81d1ed48c9ba70a4b3814d5e46692f8c9dc3b8b1c1c2a2d2278e90886e,93a3e20e94a249d724121ce22b6c99c64762380f1f60e08317e75c0e21f77d5c,+91-758891XXXX
363,P1361,Anika,Patel,25,F,2001-03-06,cba3ac50d1608f4bfb2829e4640a091047698d6230396264f45afc1c3e89afa8,aaa30acd85c274743fcd7c6f41022547889c8ee4d876d055c2e9d837fafb17f2,+91-680145XXXX
364,P1360,Diya,Verma,50,M,1976-01-06,03c0604deb9d601219b33433183df6abcc74117a9156c8249c210f2549df38a2,2e4efe1ee9ef89f31a35faade1aac3fd557886fccef82fd3d595e3c48dc99f7e,+91-958719XXXX
365,P1359,Anika,Chatterjee,26,F,2000-04-07,e12131c75ecf2ffa0e806463c15a362247fa98bfd80bb5c9ba017c79a9c0549d,6074c054fad6153bcc2b1e694819248542428938f60cce51b89a7b5a1c03604f,+91-624127XXXX
366,P1358,Ishaan,Banerjee,42,F,1984-05-21,6d3fe7d198fba789af128181036f0f5bae2d49e5bdff41ac75142a189e28b033,c6b3c3f8a65784f1264b88b6e6e58ebe318bb5fc6329502198ef627695c71d8b,+91-692491XXXX
367,P1357,Aditya,Verma,39,F,1987-07-18,f6f3158d4d12b08afdbca9957354b0e10e2cf5b62d3754e278c076043c2e6ff3,001eaedf2939f38b0819403d22eef67fc17d5feea36c2be3a7e127b57702f67b,+91-884272XXXX
368,P1356,Ananya,Reddy,48,F,1978-08-03,f7048b9c4ed011d6e249cf11fffbb471ef82e2a19ef91ce967424057d564a3de,898a9c9110d497d01e93b1e8bc009d6a2b1ab4495da0d2b45ad3b4611f4d644e,+91-793615XXXX
369,P1355,Ishaan,Iyer,43,F,1983-12-17,a68db6562d56293843ca473c01acc3cab443873de0038d0972ba43da6dc25ea7,ef1f13c42299872ea0cbdd2022d012fd7c8b21f4a8b54eba633a05adccb9ce4f,+91-893072XXXX
370,P1386,Riya,Gupta,62,F,1964-09-14,bc2d7a20e149b0658040fa27eafa26efcb1777029312607f2b502af59bbcd69f,ea0caec7f0887d720e86fe7dee098aa6a3ca1a4fd3fa29dd85d92bc7b76479aa,+91-787453XXXX
371,P1385,Reyansh,Das,63,F,1963-01-03,7e024988a4d6b50a8349954b8dd4f2d1154865d5c6a13c0085112adaa3d9bd3b,4c28acaea0f5bd1e76014313f1d05a9f18024cd38f70f061a26d924bdda399b5,+91-781134XXXX
372,P1384,Kavya,Khan,58,F,1968-07-14,8b838d166fa464116a5f84d4c107a7e3644a289e582f7e0e40755b34f06e55d2,b72a1c643e855b4600158a79c45a3b7da72bd4064e9e5904cf341bd2966ca7be,+91-685522XXXX
373,P1383,Arjun,Nair,25,M,2001-06-18,6806ed4114c92b1d840ec51a829d16e03c73644a344649c048d4796f81f03866,2d39d32790dfa106af2841364173b1c842fc228c2911298d3957ae79c8752f89,+91-871232XXXX
374,P1382,Anika,Iyer,51,F,1975-04-07,527874983a59ddd478bc156440b9511e91019d40f47d5938dad08ceee97d4696,5eef53cfde3548aeb0bd01262b751191617369bf5fe3397086153f6c97f8293d,+91-633365XXXX
375,P1381,Vivaan,Mehta,86,F,1940-11-22,4f284ed88c7ac17460482e88ac5038bf199930f3e2ebaa3851a002be8467f2b1,4e9c469c3891f50aeb1f359519cb04ca9b79c35aedbf737ed8e3e379ea24b695,+91-869602XXXX
376,P1380,Reyansh,Khan,63,M,1963-10-20,abc2554c651f49f41e5b95af67bbaa88870c6cf59ba78410be85a4abe53847a9,b6a8309e6d87c40c75b1c9a0b341fa22697a7c8edcc365f9a64bee0bc57520a7,+91-832359XXXX
377,P1379,Kavya,Sharma,87,M,1939-08-13,68c5a5506b28fcf150484c8b1f6fe398938f8d31b770ceab45a605e3fc121065,e47187bae6e94c28ad4db899d938f891d9d5fd1d0101678e794352de554ebae2,+91-869716XXXX
378,P1378,Aditya,Iyer,32,M,1994-02-13,7e1585e832adf6af15d8c04714888ae9e6f9b4788885e357e6966be024eff246,5c123679a1763227e22d8fac84b38bdf5a9e48ca4efa1db8d55267fd33100f39,+91-617018XXXX
379,P1377,Shaurya,Nair,66,M,1960-06-15,b807de2b08f56cfcdb5dda5d7996d5c5156acd2aed9dd710e3a9c0186e93a48d,560165c3926fbcbb9c17077b1bbbf151a24f2662b1038c53d1131521c954b8d0,+91-658917XXXX
380,P1376,Krishna,Iyer,15,F,2011-03-03,d4478d293cdc57a599c3f69da1e73b790121d00a904289756c88e46045caf638,5c321aea466a91dc394e31857db04699855aa5b0baa9ffb6f229935046305ac9,+91-785664XXXX
381,P1375,Krishna,Sharma,87,F,1939-02-14,c6d8baa2be5f532e60b70fa3bf9e3b486c4c1089725154e0c34d1f21b4123967,54c5dd1147fcac3e0ca3649b042b5d1812fa40d8c5f81ba378c5f682743f1748,+91-643433XXXX
382,P1374,Aditya,Verma,76,M,1950-10-08,5194da1081406c5309e0139aa06f9e9d83473abc48e5b8bd899233487402b626,4af08cfd2b62b77966671bfce5a32db25a9030fcf85a19275b269511d2b7b2f6,+91-611638XXXX
383,P1373,Sara,Patel,14,F,2012-03-06,81d0e8cf9360edb255013e65d10cb857c7dcab3f2f31fe28e153474d67a8fb54,6c9d893d0cb4156fef986ecba59b672f3b6b64d3e2b408c24c98b8d5830314c5,+91-672015XXXX
384,P1372,Arjun,Nair,16,M,2010-09-25,425062e79f645d6c61155b6ad7649afa61c6070540bfe9a600f197067007f6f5,13776c360b50e891d0f198af6de2373b52a4394eb45e45e17b399e4f04f60460,+91-659324XXXX
385,P1371,Diya,Joshi,8,M,2018-11-05,6b2dda39fb58fb95eaad08c8c545af5246392936fc7bb2438daa012200569f57,69c229dccebfc11121f1a99d732dad7fa9660a3229d3e85dd7a4b520095d5c5d,+91-695794XXXX
386,P1402,Riya,Khan,68,F,1958-02-19,8c2fb15914e3466d48962190ab2e8886247ee27afb85e5be4f02b930d8306dad,bfbb6cca64f6193939058368a049cd22fcc98b9d4573461869df27903b86535e,+91-971701XXXX
387,P1401,Sai,Mehta,5,F,2021-03-23,f06aa907e4b8a1f0999df772bedccc2b0ec5f5cebb5a0adbab5a7bc0814408ff,de6c935b48ffd56e42007be6a981f7bcb7ef8802463bcc5448b9d07e7d649342,+91-613743XXXX
388,P1400,Shaurya,Agarwal,60,M,1966-08-23,39a6baa761a98239781aa17d35d6148ffbce74f2e3858c93686d2e9496abb9ee,29c66918a04191baf56e1e7599cb7056bb9f49b247724f045a54ca56dfc4cc96,+91-662798XXXX
389,P1399,Ananya,Das,53,F,1973-05-06,1b17f8aa696d133a5597e0892d0727ffeb8846e13d7977c94462177ab6ddfc96,aceee63768b20fbd38e46ac4cca1e331058e27bcc7dceb5a1cbeeb7add185404,+91-939676XXXX
390,P1398,Krishna,Khan,8,F,2018-08-22,734906a78068b6efab1c70f4155807b281aab903528bbc1c49f687fc138bf49e,005022bddde4528d7445c0907554d5ddb2a2c8540751e598cc248a52fabe0bad,+91-774358XXXX
391,P1397,Ishaan,Patel,60,M,1966-02-02,15c775c808ec82677a6ca27d023647da2eeb132dcca82b6c14566160fad66ebb,fa3f10fc9144d62b2d877779ff5eb6240dc7b08e21c59f85ddbb7f0a39a8b2ec,+91-654157XXXX
392,P1396,Vivaan,Mishra,54,F,1972-11-01,0d68ecd4e646e75b440c17880c3dfc216bf8a698433d6af42ec110ec2c1c7aa7,7a8700cf0979aa1f54227a37e20130005aa4d03fd04eea4e480281bfa749f5c9,+91-880259XXXX
393,P1395,Riya,Iyer,15,F,2011-05-09,4f32eb7bae4c98071a9fcfea5e769d01f1dc06beb40b84c4ee43a6be356cd26d,5ff25772a563a8de3781996bc88b610a571f91af0d146026a33f7b079b68abd7,+91-641008XXXX
394,P1394,Sara,Das,70,F,1956-03-17,e6c3999b0bf7147eb8eb610ce6e29532db1ebf27ff1c2d63b7dfd9eca7aa515b,3ca404f50767e5086e1a69d26f80d74bc25aed89bfbde893a8aa39167b8fcb49,+91-615639XXXX
395,P1393,Ishaan,Reddy,42,M,1984-01-21,0f3fc4f2ca22625e5a7c1b6c084fd94191a2382898eb319fc0c22055d700ad55,40577271e62a4cd6e9db3a8581cab24b614c7a0db4308c700ffb0a30df9b6105,+91-819062XXXX
396,P1392,Riya,Iyer,52,M,1974-09-28,a1fbf45e852d7acb7db506798c89ae3d144b6465529edd2ceb3acc5e92e0e053,d34beadf10fb10ce12c85c885e67a80817b806b2f0053dbfa528b3d8d11630df,+91-689610XXXX
397,P1391,Aadhya,Mishra,49,M,1977-05-09,ee26c0c5c69c2ff44cbff182c9d8697697938cc920a646ac16eaa2a8c5b6b362,92e26f2eece8a6364fecfeec1e3e0b2652f98995dcfef8772ab628c740a6049c,+91-896854XXXX
398,P1390,Aarav,Mehta,86,F,1940-03-19,67ea7bd8b91a6ddc6733f9682e9a962be7e34e7bf8b4d480a80bb664d65a6477,2465f676ef290a13d3f9bd20bb305c3268f434adc540603dd2876d5001f4bc02,+91-855206XXXX
399,P1389,Muhammad,Chatterjee,58,M,1968-09-16,6f512eff912d5e5afc1d0909ff197c948004c5ac168c39b8270084c823dedc56,7db8baa3fb2492851fbf163ebb5a5622ba47f7c572ebc4b75d9d8fb1e8b6e52e,+91-636331XXXX
400,P1388,Reyansh,Das,58,M,1968-02-17,75d8cd8cb2c7b36b24fd3678c6a3d37ce1ef2e7f872bd26289e23ef6718affd5,9bb121365235de270105ad7de1928636be44097e241e77f375115a46423134a7,+91-614065XXXX
401,P1387,Anika,Sharma,22,F,2004-09-19,6042ebe73951da5075d0ce8cc07d9ee16caf07aa00d0060cd7973d64d3a844fa,b27f88c5391e8d4d5802d7b8597bfcb08473ed88c1e2d611fa2a0568ef5e80ca,+91-951308XXXX
402,P1415,Aadhya,Banerjee,58,M,1968-06-14,85ed7fcf7e1371cf8517128f9547e725fe11782319a280b4fce2bdda725b7b8c,61a549305b31b75687a16b646a3374db02ed882ed8813ad2c916e8449a640fc4,+91-719285XXXX
403,P1414,Muhammad,Singh,19,M,2007-03-19,909ad57d5c4c14db56a694357f683b0fad43d6dac81294f4d2a68ebab9a33a82,544638a39e60e4170168b316d4040f9c798090c48e8c40442c0dcccad461f006,+91-640129XXXX
404,P1413,Shaurya,Mehta,63,M,1963-03-02,29d0ba3effddfcb351c4866f2d1523bbd3a1b58b5ba539b2aa35fb8b8fc65b57,46cf33ceae0f78bb53beea42baf5a71a7788c42946ccd7c10aabf8351d6cde48,+91-733210XXXX
405,P1412,Riya,Iyer,17,F,2009-12-22,94d923a723ebfabf741cf1cf990bab88ee0dbd46091397ec39155ea0ecbf0440,cd301f4095d0681bd288465211f8a2795dc281ae25c11ba9126beb2c42e4da77,+91-726970XXXX
406,P1411,Vivaan,Gupta,19,F,2007-01-04,fdc83034b2896804750c32c27d67192ac6fc435b2421fabcaf3ab3c51c803567,be4c8a1d1ccdce8339dd6b088a1512f0b2cf48891123ffd77a00b8d60a9f13a0,+91-963420XXXX
407,P1410,Sai,Pillai,30,M,1996-02-26,f1ec5c75750c309d5c00ae1d1f380605dcdbb4bc2c748c23b7a4d15f03b558f9,b8e0d1601a73e76cb8b26c6cbb1f104d4aacb40646941dfa3429d1a9042e29ac,+91-722617XXXX
408,P1409,Aadhya,Singh,13,M,2013-01-18,e7501d0875abf572ec742d364a1841575c6a68d653b89004c5c6ae3cad5a835f,145015b0217e4ce0a893000e4fa1179e15d9081c229dde8a81e30f4d1abcc818,+91-954241XXXX
409,P1408,Diya,Mishra,16,F,2010-11-09,27184d44485a7fd845d9a16def57c5992dcb7f788ed57e1f65b99ad4f12ebc27,0afbd58151ca7009d247c379d0aafee44bafb729a2317eebb742a7089521d6c3,+91-662287XXXX
410,P1407,Shaurya,Kulkarni,52,F,1974-10-08,a4f42824c9b2fa201d1908f1a6837307d0001bce28c2b27b2f0b2d0e8d06a511,d8a35a427aaa7ec9c76f860ad0d45bfe1af3d48ab98ccf578829b7b73ebf4d08,+91-628495XXXX
411,P1406,Kavya,Verma,40,F,1986-04-23,21eee320d5f576d3b9d0ae4587770c8e5079db734ae28ccdd4c586ad8518c662,9de3cac3f3543199fea02055e37f29cdf5ba55fdeb3f7c70be4f427ae2772dbc,+91-982808XXXX
412,P1405,Aditya,Reddy,55,M,1971-02-07,4fc3d470c462de4a61fbc85e24cd92d70937109bea6a18fa80c51882cc5a6b8b,aaeffbe002300e91896a70af10d4726d199e6a18195874fc8e8e52d1ad53a90a,+91-695119XXXX
413,P1404,Muhammad,Kulkarni,47,M,1979-04-16,6f8b3571d9c06c511b692974aac37a40556d77f1cead394948627ae8331892f3,93242189f67b7682fe10f89053729e8d4ee616ab822c0481bbb26b9c206f73cf,+91-742090XXXX
414,P1403,Myra,Ghosh,6,M,2020-09-02,190fde5af21c8960018cdfc067db2d62869a7b5da8e78ec63c244befee9a79f9,2a34eafadcaf36ba908f93b40f55a411ec7db0274591ed1ebe1c09f00e43467c,+91-845802XXXX
415,P1431,Ishaan,Patel,63,F,1963-06-13,55c8b9105a7bdc0e9334baaae925ceeebb4ce4ffab4e0e4b4784b8b9c3487ee3,42d8602c763faf8913816ff4ee79e7e68bc2317337ae5a145b7fed9efc11b515,+91-664952XXXX
416,P1430,Anika,Sharma,64,M,1962-09-28,462c768ef70524326f1109dd79961121c9eff403d24abdffba118398ad6ab201,d47c9deeb0e2bccbbf189789b53b46077c3ed6369b40a6945d243d62fa069cd7,+91-948374XXXX
417,P1429,Aadhya,Pillai,61,F,1965-10-27,a8678b1f10418633185195885d73d39c9eb6c3462c1f5467eb0165cebcb8706e,93d3f79cdde565de2e27c8b976eddd49b8ee97b291b06520e3a77efbb5d3fbe2,+91-795853XXXX
418,P1428,Ishaan,Mishra,16,M,2010-05-25,8e03ab739474bc37b16d5f4f9c375a7f32b4ece483d0d12301a253e59fe352ec,26342d70c19d45853702e0bc643200702fafd4dc3ad21a5fef4bc62b3580df94,+91-612676XXXX
419,P1427,Ira,Banerjee,1,M,2025-03-18,c1bc7954271c3458b7e4367b456f16184b9d9fdca52a46d4b203d2cd0402a659,8569c18e482d439937ff9195aab944cb02befd9922661627e5580ebfaab889be,+91-757340XXXX
420,P1426,Shaurya,Iyer,89,F,1937-02-02,103bb139d8609d81023bc9328e50947de599e14f5487b1a209ae6666fa18ac25,e47fa6bbe33e6d4c474af0cbb906feb3d865038c83a298c74438574ea0d5dcc4,+91-747916XXXX
421,P1425,Aarav,Gupta,48,M,1978-06-10,364cc9284c15e18ca2ed5c0205ef2de2f77f0c562c5b3055c3d0aa07651eb1cf,70698605529da2435e3dc2b854bacc5998a40e774f514ebad6c303e196b25585,+91-973711XXXX
422,P1424,Ananya,Nair,34,M,1992-10-11,d440178f6d4d838b1d25c4e3fa5475809f60fd505062839f6987f15284845f65,8c5f5cda553b9e21618f4796fc5f654e2b165aece007794e1a22bf7ca65d2fd9,+91-760885XXXX
423,P1423,Aditya,Gupta,1,M,2025-07-22,e6202a9353ec050db1a9dde8b171723a4097603140eafecdd22207f0dd3c6ad6,eecfaf3b5d7de0da2436049c6c8b5050cbb8f05143ec3e0a46c6da8a6f52c252,+91-740963XXXX
424,P1422,Shaurya,Gupta,58,M,1968-02-03,8674a0aff2d7f9560679330d968866922b92b114d280bb9392e00df743d4df18,cfebb67f244187ed67c6ccd745d5283968690f79c156fa85487a5470df5f3a8c,+91-963842XXXX
425,P1421,Ira,Naidu,1,F,2025-06-12,28bb58f0ffa8b1246e35e118ae79e63448a9ffdfa8d58ab848db0587ed6c1ba3,6e18716da8bdbcd98c0961091415a7f3de38c05071a432354a510041e14c26d0,+91-679689XXXX
426,P1420,Diya,Pillai,12,F,2014-03-11,539f3bcbbf7a56b2d681fcc788875a177430c6d468a908b258b64f136790be02,7cb24598ebf2389a458f0b512b931ca9f1f09620356ae432472477814f2ff01b,+91-621914XXXX
427,P1419,Krishna,Iyer,9,F,2017-09-22,bc3329937bc9c5e478deb5b7e4a30b992ba36098422b4feb8e2326c6fbf5ef62,88b3057405d198511524be068e17fc71f132a2526806cb57ec7e4cb3fdf2ffc6,+91-867007XXXX
428,P1418,Diya,Khan,23,M,2003-11-03,afc9ff80ad3cd42daf971a4059dc9bdb70cad65794410f013f812bf3670ff0ec,63819a59e5d345d8538eef632d2f92477bc1a8b7a46618b0d99abaaa90ad74c6,+91-785516XXXX
429,P1417,Reyansh,Chatterjee,62,F,1964-08-22,858e59882d15f23ba2ffc0320a0a754dd844514336f26f527c2106d3e64397c0,a56c82adcaf58d7fc810a0a24fbc6d9cd014203ddbf9e82556f4c0523622d286,+91-963180XXXX
430,P1416,Reyansh,Iyer,55,M,1971-08-26,14fb349e8b26ab34c40020e9a49c515ccaf622702ed30ab0c283c0fab160bf3d,bfa46ec5fb166fa52280b01af8cf8f2978e8f18804c3e98a648c99464cff987a,+91-773540XXXX
431,P1447,Ananya,Mishra,76,M,1950-11-27,8b215d11c71adf245da1b6f05406c358a91e4f292e90b83f1de074e916e14442,cbc16dd88011cda08affd608dcc548a00e1de0e58554456503f2d60e3738aa4b,+91-885669XXXX
432,P1446,Ishaan,Pillai,69,M,1957-09-05,f4d7dc8484c5c2b862b95bb2a632c4ae3531a9e897af69836951d6a4d75618dd,4fc337a2d99bcd0964a229e03bf08f9a93e701c3922f938a6d66edc0d308b10a,+91-799629XXXX
433,P1445,Diya,Naidu,62,F,1964-03-15,bd27f3b24487214ffaa8c3e1cd2cdf65659d96df09d56ee0e1a18350bc168601,905b3c2c13606fdf63d1a04aa570cfbfb0fd21178d4e05f3feb1ffe2a4e6ba70,+91-666783XXXX
434,P1444,Sai,Gupta,47,M,1979-02-27,d2abdc80008b73b8316d0511d69204f5e1d6ce5851e8063cd3030e9eed11061d,4343c29a0b52dc343a9567ac8befcd87bdb6bf0ab619cb98d6845ce1aa7c534f,+91-619747XXXX
435,P1443,Sai,Naidu,69,F,1957-03-22,a12d752eb547ad1bc4043035b6d5f37e80cb187982611a4ece39a31a9f6f8bf5,574b8ac28c8affc516f9fe1bd688554ab156cb085932c7ed0a7f4b6c8ebe5ec8,+91-660367XXXX
436,P1442,Aadhya,Nair,78,M,1948-02-02,5150c7fee6b058ee816a4c69c09aa5987f69e0d88426978ab38abb8b94aba2f6,565f2e904ad512d4feacdbd2d420424102ceb9dd04b215ac6c1b450647cf9b2e,+91-743009XXXX
437,P1441,Arjun,Khan,29,M,1997-04-05,c1c1e3a03b919e432ee19b0e8e979590bcfdec5accebc8b2a8d64651ba969fee,a6a4759d20c92bc8a3068292fab43fcc87d33cad29fbb3e9fdc63be4f484c344,+91-661487XXXX
438,P1440,Reyansh,Chatterjee,57,M,1969-02-04,1a34bf6b20065cac0a004f6cfae6de409904744b3a8ee99d922cb3d3fa222a12,0a03b0e05f72047a1573e212435c4963a841522c0804160ae9ab0c251703be74,+91-633394XXXX
439,P1439,Aditya,Khan,86,M,1940-07-11,3e8a2af96b41ab514b2134daa58b073c6a439a35eb14d37e571e989c7c9e4f5b,dfa55acb245c647f481bb6dd994e778d446b3bb5ce53b2473557d0a7faccba33,+91-883598XXXX
440,P1438,Reyansh,Banerjee,51,F,1975-11-26,0021a0aeff717a06d55a9e78fe8b18a46973e5d36c065e8867b00e02bd80c733,7b0b98e56f5bb2cff2db58c7b24ca82d1cd4931134c6993e7b0ba56eb7f95339,+91-641123XXXX
441,P1437,Krishna,Joshi,16,F,2010-07-21,d176cebec3ccfcd447fe4659264a48eb17eb4f83b8d08531aae497b8b9767556,ad7cc1eba4e6c2d741e5a3f68ca2515d156aaf279dfd8530c36f39761629c8f0,+91-637867XXXX
442,P1436,Myra,Reddy,26,F,2000-06-17,87994bc0cdbf7ab6ae976f68976da9248f875e10cd603abff5607c29cc9ce65e,794a143bda76977ac1b07b6506a7e146cb07d3edd793103946d4aab8deb670eb,+91-622815XXXX
443,P1435,Aditya,Pillai,76,F,1950-03-16,1ffff2df83c718e6e81d4790f421d9bc9124e43dea26c246bbf27410ad75f0e9,b3d1f70cd496733fef01d07029385de08412449eeda038340512a29fa1fb2458,+91-863053XXXX
444,P1434,Kavya,Reddy,67,F,1959-05-27,8998b89f2d061eb09a85c99b163818aabd4011d52c58a742390d4626b0605fc7,fc63a6ce6ad4a13396a73244dc6d2bd40e54569a0e5ad7401f07e20ac358c3ba,+91-854508XXXX
445,P1433,Reyansh,Naidu,22,F,2004-02-01,e84c4e777d24ccf2dfbc55aee83f0996c6522706b2c76e09d2dda528229e81f0,dbb978f154b49e1e8f641ce9f6bfe3402b14e553394606edce528274b7bd633a,+91-799712XXXX
446,P1432,Sai,Chatterjee,69,F,1957-12-14,7cd73111b2d4855eebf192ca0380d24a25ed1d2ca5ddb4ba7a67a966fc252557,f8782e410bde2484adbb46d69794bd7228c38352af10a2d99d55607933e189e9,+91-640564XXXX
447,P1463,Vivaan,Gupta,4,F,2022-05-22,1aecae2bab3fbe053d022cffe475147fd8547fb518d64789f13d6f0078041efa,90daed352c9de9583233ad166a04c18aa8f7e475c3133ae5adac52732d51599f,+91-925863XXXX
448,P1462,Reyansh,Kulkarni,69,F,1957-09-07,d3d172eb8c6c288ded448c93f4b7f974874acdc8bc150acb68f5b44dbf83d959,344718ac347292296b908ccd5aec85f563569507aa01653f1c99e8bef13c1dd9,+91-711997XXXX
449,P1461,Reyansh,Verma,1,M,2025-09-15,d34be3b4dfd02bb38d0e9c2550ad843c9b7b8a32b80b2662e145dc0f5b0fe6d7,dea670235fd89263453b6d3c68fa2ba0575bc43799073112602faf3e6ad079ce,+91-895432XXXX
450,P1460,Kavya,Pillai,58,M,1968-08-14,56cb3b3c4b19ca25c4d62c50ed9c8f03226a73efbfc05c695aba320f9b7b87b7,ed9390149272b2df6c4754479d0e9af34727f3b97b8fe5c180ea5c33cffc825e,+91-871581XXXX
451,P1459,Krishna,Joshi,19,F,2007-05-09,edfcf96f067b44510853a5f48d1a8807c228bcf50c2f66d67bc4652c1add3adb,6a8921b8a393a8eac511edbe230bb03dc665e7682c5b2444073c1d01b096778f,+91-863336XXXX
452,P1458,Vivaan,Khan,10,F,2016-12-22,e686c4aad602f47b2364fae1f0f7c125a036e37ef4acd8ce623f13cbb78a6a08,7e992c286641ee421ef5fcf7bb23047836d59d1983c11f0c8e7dff93aba46ee5,+91-684727XXXX
453,P1457,Arjun,Mishra,52,M,1974-09-14,fdb8116d1be2fd77eed31c0f45aed710c50c6f19ec348c17f678b29f3ea67bed,31caeb62bca56a4070759e32003d601062906dd80dc12a6b324b11a712c140ec,+91-683872XXXX
454,P1456,Arjun,Verma,34,F,1992-04-08,52a5243dc0caf88f1f5f3d9abad48a1883746f6dd3c64176df3f3f23ee9bf21f,25d72f6f15bc28248e8756a599436a1242fb95e7ba33f0fbf4cf037e5ded1bee,+91-896925XXXX
455,P1455,Ira,Iyer,69,M,1957-03-27,bd356bee5137e646f2c51aeb75814c23ff2f786c1c625535d9f8e94761ceb8a3,2e37728c3afc6c1314a80077df51d2bd3016865b767e2efbdfdfda0c151f9dfc,+91-652024XXXX
456,P1454,Vivaan,Ghosh,10,M,2016-08-18,713a297f050667df51df51a26d1a6ee22fde1006edb6a03674430f58cf791eda,19fd127e44d2b70e2f4869571046c1e032f3beea541d2fd7d06008aa28fb4211,+91-762772XXXX
457,P1453,Diya,Iyer,23,M,2003-09-22,02d51b7f2ea902450131549eaf7926463e85ff2498f6c381dad63026620a71ab,f57f60a2c93470921170b2ca128f50f6851df489a33e5d97850b8544f8247a0a,+91-692030XXXX
458,P1452,Aadhya,Naidu,33,F,1993-09-11,13bf15968a64a60504c65183eca7fc2c6f209ad1867ab799d94a29c126a26345,fb28996bd0334633bbab07a85e48bd4db52b275c4ae149545958669ebaa28379,+91-876783XXXX
459,P1451,Arjun,Iyer,39,F,1987-11-11,fce8dfdeaae5e30432097b12023393a581a0acba91700e60f2589c3107e659ac,fe90f6d7b5016a0675bc5916dbb1464961ed2052d0e799fdb3264707d8ee196c,+91-862542XXXX
460,P1450,Riya,Khan,85,M,1941-08-04,86d30564be1ab699a11ef23b4ba026a275fb8fd6ec8a135ddd5fdb67f3196ddb,65b9ab7a0f40334ac47e391d16326fc0ef74eb35a5c4de4b7e5520dcdd19b5b6,+91-939905XXXX
461,P1449,Diya,Sharma,48,F,1978-02-08,21182db335372d2cb329e8b3c5449e1e880bfa952c3fd82d117cd0ca2b1912cf,116ef0c90c71c36c7739b6dd20d45b1fb256be350f0b1daf59c57c639bcf8b67,+91-625393XXXX
462,P1448,Diya,Joshi,16,M,2010-08-17,bda7798fc4f38b38de4d6677a1d162dece1d6ee8b8af6854953d4cceec5f3e84,bbd90e5a86f81aa7329182cfb2d1d66ac1bcaf08b14a953605181545293813a6,+91-769476XXXX
463,P1478,Myra,Kulkarni,43,M,1983-05-06,26adfe4cfa1a9db16422bffe97fcb14f499625245b2ca6b6590679881460d6f1,4f28c72b2e19438a34d3ad30e64daca3e367df2d12ca5ba63ba328e61fc1455f,+91-610575XXXX
464,P1477,Kavya,Mishra,51,F,1975-06-20,467634d29e1a6a3ea199e8d8f2c701689021fc1c9e87b279cda71879806efad1,133de52885f54a97f94969bb68f07b1405774d4817f72e75703bb95c57efaa57,+91-786593XXXX
465,P1476,Vivaan,Mehta,61,M,1965-06-23,84fcfb01ceb4975523ce0f10f4b5a069dda03823329acbae21a743b77923153e,49409c9d6415906f47277260e0ebbdb3ec05c68aae8986bb18891b042f86149e,+91-641159XXXX
466,P1475,Saanvi,Banerjee,33,M,1993-03-14,dcc243ec2cfc0fd995509450ae2e7a9e275e30029f95aeb7fa1415179c14f97e,8223ba91364e2297d8cc078b576a4a90a277e0b21e9cbd733ea781723a028294,+91-797339XXXX
467,P1474,Shaurya,Sharma,33,F,1993-02-08,b217c05dce086181dc8186aeb324699ba3685a0a9094426ca7e34193ef69ea71,13db90f224ad86e897fa058dd779ef076aa39366a888779d8967175d8072011c,+91-974466XXXX
468,P1473,Vivaan,Singh,35,M,1991-01-13,d94f1253c9cec609d8a8c4347d9ec634b2645c30d78540e26ae6933eebaa750f,824c5224867c1f60d1bbd608d8b887a13041abd3a9021d924dc9bff6e90be2fd,+91-999622XXXX
469,P1472,Aditya,Singh,50,M,1976-06-06,ce3a01081382a18685dd0b1de604c8c5d811b596a5fe0548bb6f4773d96392c5,385e011a3ca3de4e600791458f56a7760b9dedccb8dbcba020fa08af3b583be5,+91-995109XXXX
470,P1471,Anika,Iyer,12,F,2014-09-23,7e210206e411ce44e0d40bd4b46e59ca1060388f461df57754cc8104c14d1ccd,dd7a18f88202fcad08e7adede2141fcbb522a63ad7c9db3b9de0fcd719e23308,+91-777662XXXX
471,P1470,Myra,Kulkarni,24,M,2002-12-01,5658611fbb35ab1ca831eaa14028e1c0a95db3622f10dfa2220bcecfcd637686,2be47ca88e7fa278034abc5dfe81796320f76f7edb4a0c421683d76b84dc9a3f,+91-887028XXXX
472,P1469,Aadhya,Reddy,84,F,1942-08-16,7ad5d05444f76204aed37fa9c505b8f58452638112c070dbe956b37ec1fbe7fb,e0d468931412e7cffad2e4afb65f2a385a2b1a72f320079d5fa6b6cb21e76e97,+91-937437XXXX
473,P1468,Muhammad,Naidu,32,F,1994-12-12,5e2e694ee4719b08d8a19afdbe2a60014f54f519ff4efe48a7f32d9e6d689cb4,73081cb30e202731385f9def8a9b60e7c03bddd574ff20a0057ca8ba2d639064,+91-662651XXXX
474,P1467,Ishaan,Sharma,2,M,2024-08-14,584a5c849646b660a3987da21bed62fbc3ff31220a0c5d36ebd68638d40c1940,0fb64e44446c13e30e5590c70d8e82737da808794d3a0273f37ddcf67d56874a,+91-693020XXXX
475,P1466,Aditya,Reddy,80,F,1946-08-03,1ef71d9a0f865285fe08dadd9208f78a6f7e581c2c04c3d4b476e84717fee463,181d2913716d1718d0bc2a9bc89e3cf730edbdcd8124cc394aa683d6429a0722,+91-949023XXXX
476,P1465,Vivaan,Chatterjee,24,M,2002-10-10,94c599a3bbe5215f7c412b17468434e025fa54f2ab42ca75c03f536e5ca8ae5f,880617a55748974710fff04967c371c236645246839be35ca01e8046b1d827a9,+91-739282XXXX
477,P1464,Sai,Iyer,16,F,2010-11-02,36055c04ae9eec41803edaf8957f87ac4b4be29759ef9297631d72fd609c8031,ae158b61dd8febabbf9781ae31feb278173fc506c02c1baceee9027675aa36b8,+91-753579XXXX
478,P1494,Krishna,Chatterjee,81,F,1945-03-16,4b9d37b10fcbaed876a4885e842dab3b470a63e05da5f3fe2946c7d27a2602d1,560a5e6edb9657ffc99b99842e6b12d31236a2ea5a04c34fc2830a67a8e5182b,+91-684735XXXX
479,P1493,Shaurya,Pillai,87,M,1939-01-07,ca1f48483e5c0c44d5b8e7e5361a17594a5997fc536697da8faef1c30cd53822,a55b8bbaf6e15f55419ec19a4b7d4dd0e596d4acb1cb79870c7014343564dca1,+91-959409XXXX
480,P1492,Myra,Agarwal,35,M,1991-02-01,b472abc831dd2434d34688cd76ea6672a94d9a43e54e1c9bb3e1f446c10befde,f4fdf915c612b30939879d93df4ca870cf88fc0e748c10d371b722ac9500deb0,+91-896973XXXX
481,P1491,Shaurya,Khan,2,M,2024-10-26,d95cd20b5d527dd0f8d1766803d4bcdd6e7877ceddc88229ce75b567ecf1e7da,680a81453b03b09a406450855a9d9be19262cccf4e725eecc7f57aa21d385835,+91-622233XXXX
482,P1490,Ishaan,Gupta,46,M,1980-02-25,8e0381d3090d132ffe0df50da0bb0e9c972847ef44b8d51d04758db86fc9d421,872d5f3e5af1e669beebe9fd1d067daf212c6fbd05d30e8d140b8aaa0059b60b,+91-614842XXXX
483,P1489,Ishaan,Mehta,12,M,2014-10-02,bf7203691a2db69cc99add0f8f0531a82bc119fe7272572e9b092e5ede7a8406,fcd3f24a7f80ccf5badea89656329a2ee670352879ded4f807e2c1dc59449b7e,+91-641213XXXX
484,P1488,Aditya,Verma,13,F,2013-11-21,1b4c8ece7830c5e61398c354f59934923d1cdf18076f298b050e8126c2758fc1,ae96a35c455cfab5fb1cdb29fcad4af74632021e4ab31fd88ca8942307c9d326,+91-875913XXXX
485,P1487,Ira,Banerjee,29,M,1997-02-25,ff1e441533fe6e1592c1c334a0ceaddf86152d501a345be6d2b5034626fbbcee,afd173c4b47a86eee8795ba29aaff240337c1ebcf6189ed2d51a2217eb46053a,+91-748552XXXX
486,P1486,Vivaan,Singh,44,M,1982-07-24,997b3990d24909765c7b3383a2088967ae85f0d7701b787743015567e9ad9abf,0c19961162004d0239dd91a9f7f3826d7c3fe586e3de82a20b4f6da2f8325a80,+91-792772XXXX
487,P1485,Sai,Nair,43,M,1983-07-09,56dd5195e639bdaae0a18a16aae9b4a2a6baba2b7ed355950105c53d64fedf12,9452baf10b998ca8d12cc23dfb27ea19733f33a989ecc1832e81b22eb79bc86b,+91-944887XXXX
488,P1484,Kavya,Mishra,74,F,1952-06-02,2ba4ea98ccf8a9da87c8e053a636c7c831890d275b5d78a9e3e80d04ff0a4a5d,dd3d6a1718b0d431dff50094145065f8d3a91e865ce090bda4d15ec539bd5f97,+91-950110XXXX
489,P1483,Arjun,Das,40,F,1986-11-22,f70cc1d2856cb3d9c66e96e4447eb95f165f1c450a700ee1a31417d9947581ac,ab4ee0badc99ee5c16c37eb41afd86490a9edca7caf0552dfd8e886d972013c8,+91-772657XXXX
490,P1482,Saanvi,Singh,33,M,1993-10-22,5c75284d93ced48c0c2b3892d5949c74b09dd01b90e4c031b25fb8566faa2f20,eb7ae8ff5fece6a8ed39eb2fece9c9e36ec15b3be7b24dc824f2b6cf4bf9a9a3,+91-959151XXXX
491,P1481,Ira,Khan,65,F,1961-01-15,95c7558827d684c690dbe7404696fe4c2b6ffc7fe17bf12caa5d3978111e66aa,1761aa88c4863ed4a3c8815f2388c5c0c4f37ab423c36ce51acc09599f15699c,+91-630285XXXX
492,P1480,Diya,Singh,67,M,1959-11-21,2699f6b9e3aeb9c749492c3591c5b6c45759de3741d1416771f1cccee5cee9c2,9f903ed94c47c0a5a401281451b798f75dfb6567d583ba3e85eb324108490e79,+91-856180XXXX
493,P1479,Shaurya,Pillai,12,M,2014-08-28,b2d8059995290f3e6d1217073b081e24467664c78a3f84060bd24cface8296f1,a00abd518ed4051d54585c1d69c2cf9ce158a65607969775e503e99142682b16,+91-946418XXXX
494,P1510,Diya,Chatterjee,24,M,2002-12-19,fb9d06adb18b4ad22b9db1ab4c994cc7dd443b4dfe1b195976ccd061ad92f928,31ce4000300b2b7261a0e9cd4ebb383216a59f2c95e8f85e4c2591c1339f7990,+91-877322XXXX
495,P1509,Ananya,Banerjee,73,M,1953-12-02,f629b4a820a4d0962ab87a6c78c236b93e920426d3af783adccb62a1e365af94,babd5f7d9c44d157145b80ecde36a6cb32cc4517db0ce7cc7173200e315b8478,+91-865978XXXX
496,P1508,Shaurya,Reddy,10,F,2016-04-03,46bba083ebaf5b5b103cdd198133aae7d3c8e8e4f0c777cd28a275d5f40820de,407fc54e0cdf4c1f5f373a5cd4b3703f6b8dd466c8cbc4b0c696bfceef3f63f2,+91-897169XXXX
497,P1507,Ananya,Khan,36,F,1990-10-21,2363092ebd3be27860b4a5d21c0fd2a4ec2800ab25a03d4427fa2da11191830e,c48d6598284d43d20e3daf436ed312a6daed27843933acd5970680693d8420cd,+91-887475XXXX
498,P1506,Diya,Ghosh,21,F,2005-05-14,7c908217f1f8e77fb78d3bf09813e9642b56ee59da92cd358b3c73da0f9c5a6f,66a501c4cff8c4e5e1dbcb2e9d3289eb0b2aaa5d1c6ba9804aa1daa9a6c601cf,+91-619102XXXX
499,P1505,Myra,Mehta,89,F,1937-03-25,0f9dacfd5542a237c46171c41aac012f6dd02d680e940ef5a8a77f61fae7a03b,6801186228365ca2e5781fa9270d7ba836e2a41a2bd2784d3f6c4b9ead00f0af,+91-790874XXXX
500,P1504,Riya,Ghosh,36,M,1990-11-22,dc329e48c46ec282a6c530312a2ace87939de09d31713aa0b73928983e7dada0,dc4628571693e380942af2054964560adc8ec4bb7adcb977e510c7b7643eaca0,+91-954640XXXX
501,P1503,Riya,Verma,29,F,1997-03-04,78c026195a426e36449e01d3a6bcebae17d916cd869411fb746c55cfea6510d3,be97b9a9fd8435abeace17cd2262af65b34974ebd421c057157e380640582edc,+91-777637XXXX
502,P1502,Vivaan,Pillai,75,F,1951-01-17,ce501c105a0af1bf1c884129629185b72a450ad77a9644144c87bf8d025ba873,3f51720e0f8582caa10a9d3b420035b0ab8f79c1d91a8160274db7ba754d7546,+91-826232XXXX
503,P1501,Sai,Joshi,58,M,1968-06-25,760e7487d55ff81f7f4172e593a63846dc0c7a3b5d6076c02affc734d7eef59d,d1081dab571e0af9bfbb025ef94fa2a4b4cd40d34cd59ee735b7e049df5d2433,+91-696631XXXX
504,P1500,Ananya,Sharma,68,F,1958-03-27,cbf05f7eec20e3f3cc33892456908a7676244be1c576ae30378237f6cf810212,80c9473f4a839b0f2f696da0b7041a705d685b4ac746b76a1bbaf2d9de314b94,+91-920834XXXX
505,P1499,Myra,Gupta,7,M,2019-03-07,83f0ddccf92a59e1b09beca97900a3b08fc21a043e9b183d89cda706ac4577bb,7a4ebe48a7f3abef68055748eb24c324c9c7a5e4dd2c5348b78229da9f2ab911,+91-924083XXXX
506,P1498,Riya,Singh,34,M,1992-11-11,6c122f96ff066d0bed62530baed0703357acb54b3662bca55538fabdf161483f,010a63f776c0f24e7137b76e7695a65b7e0e2d4db2636a860722be6c5280098e,+91-984895XXXX
507,P1497,Ishaan,Naidu,74,M,1952-08-20,f36f3b7fcce0b2d75413853768e41d271df8cab6d884cebb2609539c9d6ba093,4a1180a1d309e213ce16c1b0744c041bcd356baf257a7fd2db95dcf6dc3594d6,+91-934900XXXX
508,P1496,Shaurya,Verma,26,M,2000-10-24,26adc687632e84f5ac82cdf4ce6c0078fecfd94d4fe74dfddebd9b9d8a52a1e6,59cc0a177dea02fa63df65afbc7e66ae46f9a1080bd8c589d08a6ab2a787848c,+91-621023XXXX
509,P1495,Arjun,Nair,8,F,2018-07-02,428c09f7e987554180c26389bd8dd7e305ef33aa9e373d822cd5c135a95903ee,554ea6a4767ff4a49f7ec01f1603b93db9197c715ff8356aa3e80fdeb8538a59,+91-622504XXXX
510,P1526,Saanvi,Singh,62,M,1964-05-02,ceabb603d2e6e5b3a4c0480b9af02c77a7797daa17c79acfb1ec0d9b9be646e0,56c65b8d8a75ca37e25e1d400139e8b9eabc952b518de9cdad9db6416ae39eb5,+91-880121XXXX
511,P1525,Kavya,Ghosh,17,F,2009-01-27,db9d543cf190cf4dce982eb4edc55f8c9eb81112e9ddccb6d3d4e5d7e4096375,163a4ee76c8af624272349e4408f867432920b3207afc57c88080da33c822cb4,+91-678268XXXX
512,P1524,Kavya,Banerjee,30,F,1996-10-14,40142a385fffafec09f272165dd09c9c3d935796b904036fee089cd0a36571d5,bb603fba4e339eafcd36bbf562ade4ee0888e4e135fecd8f1c378daf0dba6f3e,+91-661987XXXX
513,P1523,Krishna,Verma,89,F,1937-08-18,e006983e32e81a942051dd5ee4c18c122b08eb4bfd714aa4b9a2e17efa91b222,c8f778ac4fe3edcd12b5dd2102439d5cd67407a1ac831861937985e806e84d0a,+91-631749XXXX
514,P1522,Reyansh,Singh,23,F,2003-07-27,0530f34fd214b75e7de72bd1574536b47ad8f32c8372c2ae4b0625b9ec210106,fec3d6307b2710163366dcb195695fb650833c7385923ce8600fd30b601bf74f,+91-675978XXXX
515,P1521,Krishna,Verma,13,M,2013-05-14,06f632d160d7324d2686deab672fe534fcd020257af03c6a8337948132acf9ac,7fe1c55211cc4b998b077f8881d13516ec2f447c1e788a25be24e6c91132cbc3,+91-851018XXXX
516,P1520,Ira,Khan,55,M,1971-01-28,d4336ab2425f4d9c961b9f7971f9d830001658fef6f30e49a41d9e9b8e17efab,887b4c85ba87e3f6693476b4336975567cd96c7fefbbea459f217a4ef55987fd,+91-919089XXXX
517,P1519,Aditya,Verma,12,M,2014-12-27,a0630c74bd795fd432b9855455809328166af11d624ac741c358a7bb777c23ed,f2dfe7ed886abe8f7fd5dc696f9eed69d1fd79673a452c83d57fc473432dbe37,+91-671229XXXX
518,P1518,Ira,Kulkarni,37,M,1989-02-07,77858cb28722df02d6705044944079afe183973008f268a08e08ac3bd7cc5860,dd6c5d199224761562de629c712a9a058ca2dfe645d486d0be1a2aa2509814f4,+91-946399XXXX
519,P1517,Arjun,Verma,62,F,1964-07-13,9912b9c54c92c3a371f84c5729a1e684d921ddd64af7fe1743c12a43e6a7d0a7,b53101feb4ad99efe8f2e9e82cf8f597e18731a2a924c28a730469f1d0bd2814,+91-961027XXXX
520,P1516,Reyansh,Banerjee,23,M,2003-10-15,26736da1199c600de563b16402b04609e41c25a020e4ea8a8ba72e664b7de3be,c9346609525c7cd57db7b52f2338dc91ab65148fe7c0c26167d44f4bb8fccbfe,+91-833147XXXX
521,P1515,Ishaan,Iyer,24,M,2002-07-02,6a028f5250c5b49068e2751c1bfaa8ef08446a8f3a87bbed5ee9836efe8de34f,9f82662a058e1e0a2b715e380a5b0d38d9eddb33e589edff4aed35bd30cfd0dc,+91-666132XXXX
522,P1514,Aditya,Kulkarni,82,M,1944-06-19,469f77e4580be8383cb20fcbf2fcad3dbd7a756f07812c32fa1760edd275858d,b5b9cb267e7d4a23f45b454401b37b5c19a1cbcc5ee86c1212b6b8e4fc202d4a,+91-684568XXXX
523,P1513,Myra,Kulkarni,36,M,1990-03-23,0634a9616de5ebce0f8e7b50ea7ba9d5f90c29a808aa7ba98435c772c54a89f2,5ac68283feb3321b3b824897418d9b4abb331ec8198a9793c4b9e5d4bd4462a9,+91-938313XXXX
524,P1512,Reyansh,Nair,49,M,1977-11-17,2718141f27c7f07c07ca38e769964e846253ad9860256cdcc033472debf33fdc,b191cfc9638ce4d0682f85ea883953ce7c81bc660a82cb3add8e5b9658b66d64,+91-786411XXXX
525,P1511,Ishaan,Joshi,64,F,1962-06-15,e2679408613d5ec35feeeca4ce6429594de9be96eac0ebb425df5cf58e02e7bc,b75e7f3b3a1725b5e5e7d4ffa52b36e2b1ff2dbe2c7dd43d3bca12be2abdfa41,+91-747617XXXX
526,P1542,Sai, Kulkarni,52,M,1974-11-07,24d5dd388f717456e76bd1c517c1463506367c001c8d8ece052c0d62009fd5ce,672339dfc57b83ac5e16c47bcd1b51b9f2f6b23d6de44be95c15d1fc8f79f39f,+91-810867XXXX
527,P1541,Sai,Banerjee,78,M,1948-10-11,037365d5699a82ed6ea340a503ddc84c273913d65226fe8f72744151a5bd582b,e5873fea4dd1097b0c5edf45e86b173c482268ac6cd13e4a2e5a50ca95d5ff4e,+91-623709XXXX
528,P1540,Kavya,Khan,28,F,1998-03-26,f451c6bad83c1556e9b409cffd1f283f07bb19ca7237a81634eb4574650ee4a5,2a605878127450990f0707dc0d39e088fc0977fe344f4c073d09e18834837fb1,+91-673660XXXX
529,P1539,Anika,Nair,71,M,1955-02-01,89d4055d9b7906a2c84d41da80515f14f3419ff51e93a6c1db7787332f203a8f,4cb3a18296f109283686e63d288839b8cf694935fbbb3549c05076775a8824d1,+91-995380XXXX
530,P1538,Aditya,Mehta,9,F,2017-01-15,5c65b3134e586b9993a60be6ba2b4d4748fcd0add9ae2826d12605cb33e40c2d,385da9dfb4c16f917cb8e1ccaa354d90dca573b70dc3c17acff75acfe49cd789,+91-620933XXXX
531,P1537,Reyansh,Joshi,76,M,1950-10-21,0b834626c969402b1bfee2ec4f8e22f268617026b3d1936ed52b266ab63e4cfd,80444c2c5264d085c70d821939ce0334fed51fff4d3439e1369f176091e8d6d7,+91-972162XXXX
532,P1536,Riya,Nair,19,F,2007-08-25,113283b845530bddf1307489a67165e7f737dd16087997f4e92bceadaacc6ad6,5740999c21425018b30e606315f5b9b59efd4d1605d93917317bf683b305e7bd,+91-836887XXXX
533,P1535,Arjun,Pillai,61,F,1965-07-26,77b5b8604c89f15ad7d6a45b18d13deeb53f415bde4f084a1bc7467769704465,2eb2d4ace95e7e364597cc5fe6bd2a9865e99be826c6a9589050a5a824d0907b,+91-689182XXXX
534,P1534,Ananya,Pillai,12,F,2014-04-11,e11e1540ef90ae6283a39876eae9c4ca3221847711f08ad92b0e85b62360a27e,3bfed94931d982cf96698352d6bdd76f5a471525fe9f8ae634d435978615d411,+91-963211XXXX
535,P1533,Aditya,Verma,49,F,1977-05-04,be0cd10a20e690b5c29e26de988d9e08a82b301430c7dfae465b1b80161d84fa,37d8a4b00ff699f9b93a73dce91347b0df0300dc21f757899193509945ca432b,+91-782797XXXX
536,P1532,Diya,Banerjee,19,M,2007-09-24,1ba06ad2e9f6928b2007a0357cc8c76334e9db83da08ce7cea252baffe7073b8,add75be3ebd25947494153b318517af6e4a198e7a64b2c780ff296bc1362f3ac,+91-780849XXXX
537,P1531,Reyansh,Sharma,59,M,1967-09-16,15e3ad57b8b44c1a03ecf9212fe4be4a009ecfc618c0c4bfdbf94ac9fd521168,2bb59ef1e1c4f7a739ef504419531ce2313240339aa22565afcc894407d702f8,+91-763022XXXX
538,P1530,Riya,Patel,13,M,2013-11-10,e00fa4fbea835580cf046c228861b71ab458959ba4a180233a620eaa289e7304,e7d16a3039bbed428d97c6475374a51cb4e3062140b4517fe368b3c185331221,+91-623396XXXX
539,P1529,Kavya,Singh,86,M,1940-06-13,f938e7dd245921f006e34dce3557fc9b00f8da4fd55ddc9fff7f5d80d8aee2d6,a6d1696c02d1625f0161c5c15bafe43f46ba04ff3c80313d3482d0ee622a66bc,+91-969677XXXX
540,P1528,Diya,Sharma,89,M,1937-01-22,5790f43a78ba851dee0dce3c0698eccb47b2b250a76df00293ec841b4ad5939c,e6233c816ab18f1efe400a6ddb690c9d233afe2f1e71dd196471a79281e69c2b,+91-836406XXXX
541,P1527,Ananya,Mehta,84,F,1942-11-09,b2f460c84d8e7d94abb987b5029680d59f16e2bde385d3393fc4da09d1ec4a1d,2281f7ae28a8a2f8c248bf80fcbe133bb0e75425d543912e8d8332b49a2fe699,+91-642280XXXX
542,P1557,Anika,Kulkarni,58,F,1968-01-19,525be2b042aae64155ed6bd9fcef21c40def6e1d50a15adef9d3fc33e5a8677e,e36ea6a9d9f9c3d34440e6e9350d432a6b8f83b7efe65643cc77c70bc8d14d65,+91-889221XXXX
543,P1556,Myra,Ghosh,42,F,1984-10-28,d5e71e2b0f8b76c4582acdb6c8fe40e188d5c21f675cb6223b55c52782bfdd46,8696bad2a10d62cd9d08cc8c2e9775a904ea41641e269c3620b709d9f968ec31,+91-895031XXXX
544,P1555,Saanvi,Joshi,53,M,1973-12-27,8c452534677b37740e0cc9d8400f5def84b88adb8f55241dc46279a17b8a1249,11cafee86c5eba8498af506d0a9943d2afc36a4ab18fc80b50bbb4df0bd4402c,+91-660681XXXX
545,P1554,Diya,Mishra,39,F,1987-07-27,b9fa877fcfe98e2cb9f13da8ac62d83d3a804180bc2bea508f1301e02d21cebc,23b7a2fb6b1aeda579095b448d6a2da4f7e51411cdf24bd413e5e1d62db7781e,+91-836846XXXX
546,P1553,Anika,Khan,57,M,1969-04-11,2c0728cab2da27ea1279cb4708e6cc3f88ccdeb9d0656b594d9b5f3754427944,63d76ecf60856d4ec09faa3897fbf4879f7d43ecd46ba41d40a76af3f852b678,+91-641623XXXX
547,P1552,Ananya,Patel,16,M,2010-11-03,9d666174376072fb7e15efd72adcad12093f9e66ce00bccc34a48cea0818b119,cd5eebaa7b2f361e581ac3c9f7f82994504c9e8444c5be1f1fefa622f703aeac,+91-960202XXXX
548,P1551,Arjun,Agarwal,23,M,2003-10-11,c33e4e4017f6e2521e5a72f6ba461a1fc51da57c796ef2de2422a2bc7d7d5c43,48d8199f07647b9f6c464f8d4c8e91f5f17d4f54bfbe8e8fb608b28a7d42135e,+91-869115XXXX
549,P1550,Ira,Agarwal,53,F,1973-10-06,2550330b252e847806cf8156d0bcd75f8e5a2035ba701487c459183026bfb236,bc16edb67cb2db586868383e521b5c6fa9f6e6c3126488a75df061f3b2804268,+91-978516XXXX
550,P1549,Vivaan,Banerjee,85,F,1941-08-09,43dee17c93eb2101aea137d065e193c9c9544dae1ae62bcd8eb5e30f1907aff6,69eda91c2a7550b2bb01cd3f579a3d54b3e7e7b7e725ccbc61ed3de7e8827053,+91-764611XXXX
551,P1548,Saanvi,Nair,52,F,1974-11-20,b4c7fa23e5468366c27ab2ed6a29a715f5e80c5d75c9af00611e3aa7ebc7de5a,11b93da46fe667da541eed0b92bc3adb3dec4066435e1d587e25eae683bed03c,+91-894781XXXX
552,P1547,Anika,Iyer,25,M,2001-04-28,6f87b84d12afca6d53a09fc2d071d5b0fdd78b77fa81d2dc5cb005681fd0792a,4628ba9bd203e87c8f374071001482f8d22c8b82084f2f84e57d51e28c380244,+91-724043XXXX
553,P1546,Aadhya,Kulkarni,12,F,2014-12-03,7aeb2b3127a3f6f2ee0cf342d7594c539e58fceb0e99538e16ad1d33ac693d39,bcdd571af2ae4e426fcd6bff804af50d9bdabb226eb00cf0df914e1472898cfe,+91-980316XXXX
554,P1545,Saanvi,Reddy,69,M,1957-01-27,a6d79aa2346f685fde033206021d32213ed60e5f8696d708282356a9464482d1,eb02cbe431a479dfe8f28443a9b87fe164cc1ed6460b5f1d18de135de13e8110,+91-828698XXXX
555,P1544,Vivaan,Naidu,16,M,2010-01-07,3f3725f7987261aec25bd9a461d89f58a50c2580227d53758d84c0cf52e5cd43,7b49f957081d9a2ee30550ccc41a412d3c2907826b559d2c86335a64e0ea58a9,+91-811062XXXX
556,P1543,Saanvi,Naidu,83,F,1943-03-27,95662bfefb5e46815d2d79b2c6c65a7372771534ab64f857264eae303ce5b3fe,16dfac30e7ab1c39df1ff5c17ed471dbe8c49ddea1c1623d1b3bca22860ab7cc,+91-933558XXXX
557,P1573,Ishaan,Singh,40,F,1986-10-19,1e3d9f2e0ada9fccb05d42a533064bf377a31e416d6c9e9772ba4a2c7655cd89,ff52f7479c6c0be3ade02cd42bb92ee955ad5717738bedac7865323161daa8d1,+91-737051XXXX
558,P1572,Sara,Banerjee,13,M,2013-12-18,3f52b7d9b7938547379224691d679b969fbcfe15b9f12b710d67a33f084fbd4b,ddef24b2ddbec16de712cd9c5ff8cf82e38f4d71c297298a1e2ba94b5ec3e63d,+91-933632XXXX
559,P1571,Diya,Joshi,46,F,1980-01-13,dd384bc42106407584b34d9790f8428e5b869db64670f0039e80f8d745dcb9bf,2294dcd8b8eb2c6776e510fc6b06368b9df05a031fa6e5fd1f3a305b3af71d4a,+91-768164XXXX
560,P1570,Ananya,Reddy,7,M,2019-06-18,f96624c8f7c5f07dc626ba97b00ff0e4d06a5356aa3abaf07a07dac6941ec7a1,8025de7d093213800d2cf9a45b3ce94852176c4491d00006290176da6b5e6f33,+91-611563XXXX
561,P1569,Muhammad,Nair,17,M,2009-02-01,7f6c55884c861b18c997852187cf56716c9ef18e43ab0de6661c13c81e6ba13d,a915416101eeaa2c8894edcfa6d9692e0ab5fac3a0387919eb83a7fb5eb92964,+91-651942XXXX
562,P1568,Shaurya,Iyer,58,M,1968-11-26,0cbf63706b385c2aa6b4f1597b0016fccad475ab238d44296e99ae50b4358e41,ccce2b3c0e66eb11a39de58fbb1543bdd03c21d5eaa05c4ccd85c6468a835ef4,+91-718330XXXX
563,P1567,Sara,Mehta,74,F,1952-09-24,aa59b120b55eeb4359e81d8685939046f78581cee7dd3097bb34dd692ee4fee5,6f192cdf8dc0bffed07a199bb363f24bce1c328611a0fab376008c68d1b3e377,+91-786620XXXX
564,P1566,Vivaan,Singh,9,F,2017-02-03,f9d5c906327168b1052f257a14d1e19a38363d752ea2068605905f171619d218,f4bdf6056f881dc47688318d6d4e9396935ae84a6ae8f8e3524d3f47508cbd2a,+91-946899XXXX
565,P1565,Vivaan,Naidu,76,F,1950-01-03,9d99df8c5625e98029b2728ac16bc29b364d4ba118b7708703330993a53e14d3,5958d54e7762ae33fb5733d9c644709c5cbd687ea892c1bff3f0977fefabf2da,+91-649592XXXX
566,P1564,Saanvi,Chatterjee,18,M,2008-08-14,d6d2e1b0fc00e2d5fd8337ccbf0844b6ac3145254b7015b01343057c9554364a,5373b01980bad8159b9aefe194a670ef1fddde0a019807fc6759d982876f1676,+91-951303XXXX
567,P1563,Aarav,Pillai,75,M,1951-10-24,1fffea378c199739635127cf60b6dfda14639cee7a3fa8f615133943f633c323,e6535e168090c196d71fbc3d641a1cee8040f51c132e36b5670b157b8bf91a2a,+91-971861XXXX
568,P1562,Diya,Kulkarni,87,M,1939-10-16,34db21d330c58f5457355598c9ab2449719d01a49d841fea43043615012f6547,5d595ff7917f65a7703cad48ec752197f0cb5cc2e9d73269d9fc7d5733cf7ee2,+91-763952XXXX
569,P1561,Aditya,Nair,35,M,1991-10-10,cd1b02803d96e7511d764a12468bb7bd2c9f817de73e68d5368d0253ffbdc8f5,264cc632ea50d01ebab9ea0961449c23bc1208c44b97a95b5cd119bb2a5bc741,+91-767601XXXX
570,P1560,Muhammad,Joshi,5,M,2021-07-06,5509b86a3a15cc9455a9732c5d2d22d50bb10b9806862b32f611b68f03487471,35dcd6c00a4552ecdeaa5af1b9617c9d814f1fe81bc7162bfc8e3bddd5965837,+91-832107XXXX
571,P1559,Aditya,Khan,14,F,2012-04-03,e9c5bb2dbd22ab16390c06d07caa56f63d86720dc4f814820593447413df2a10,f61689d9f2759a0730f0bfebbfd7128e18299ede025e748075255d80b54f31e0,+91-871151XXXX
572,P1558,Diya,Joshi,39,M,1987-04-16,2db619250183a9a210a0e70498dd48fac003a1434b04d4cd97a13115bcbf97f4,c36233365a4cf36373b84545cc0b176c38ef2c92aeef71cb17633771889f5be1,+91-726502XXXX
573,P1589,Shaurya,Reddy,89,F,1937-02-07,e462d41590b5236c7c368f2c7ab43b7a36e23eb964d444b24142f4ca3049a0bc,df2fd3c0148a915d0c8e97aa46aaf583bc6d971bb202c863734dd3b6101e8a88,+91-646738XXXX
574,P1588,Sara,Singh,71,M,1955-07-04,f5ec86e6266f6450322d923b66de97d485dea4eaa7a731b75706eb88b67d4132,187ba4c2f4afd95d87ee2646f9b15a2c7d76c4f1588bb563fe47c2d0ad29d5af,+91-731575XXXX
575,P1587,Ira,Mishra,17,F,2009-08-19,1508b98b0a26a9ce9962eea3fbd5bd4fecae7e00623e664385a6e407d9e1c33c,f8a22202e65d9a5ec369c70eb0554c746f0af011e6854cca2497140c6641f17e,+91-980278XXXX
576,P1586,Aditya,Banerjee,86,F,1940-02-25,302acc9a38ba2da0c08caa1b36b590340579c5c5f6f6add76795adc351091b8c,6bac77cd43885cfe9f5c63e57ef892cec1cc5c20fe7e9880df2c2399651b5858,+91-678309XXXX
577,P1585,Saanvi,Gupta,65,M,1961-12-28,59b74466b4707c782f7fab3c0e77c022669ba97a71338798d477fcf15a949afd,a0eaa52d79af7db6ac5c6f0a1afc23c9b30b96fa94ce2a06b6479e4987d5bc37,+91-665677XXXX
578,P1584,Ananya,Iyer,8,F,2018-07-23,490af01f303709fdc735bc2a863753c73fba4a4a3d86658fe3f44ddc5d26cdef,a1274512f3e4dfc1e2c724678a6ba7632a0516d29e369ba50f55b35ffa601023,+91-738060XXXX
579,P1583,Sara,Mishra,83,M,1943-11-23,01a63624bf9c3adad843a2f5b2aaad8489dd90e428caa7ef6a03f3b6fbc07e57,75f8e15baf02a430c6b188fcb41c6ebdf25ce799f3baf1152009df13cad068ac,+91-937408XXXX
580,P1582,Kavya,Pillai,38,F,1988-10-06,8414f2561e7208b4fcce41bb83f35ec12e584db6394caa8a1dda52a0b0f38a9e,6222f39d502cf52b711e1b52d880135eac13cd2d3d055319a721761eaf2f83a6,+91-953438XXXX
581,P1581,Shaurya,Mishra,37,M,1989-12-24,3b37125ffdd2594b39c75c49fb8ef293cd007fe49fd0f5e88c1220f9bba5486c,a2aba5db3263c866a8dddef2942ccd6917969ba9527f44d6a5a9fede3210367d,+91-970359XXXX
582,P1580,Krishna,Iyer,29,M,1997-05-15,29396fd99dcf8063fd150852924d37d7cf5354193bca68475caed442e1275ca2,c828e3997811817c0194df7aa3d8996b7c91377e7cb0568d0b5e73a02773ddc4,+91-691811XXXX
583,P1579,Kavya,Nair,5,F,2021-03-27,0fb10ac023f75c9ce956d1165eb02e897a29964cc7d50ae69a240d4127a7cfb5,5abb80d3abedcea3fe4d3fca9ab3238616ef37dfc52063b09e17ea27d8c88bd0,+91-739190XXXX
584,P1578,Shaurya,Singh,66,M,1960-05-19,b1d53bf407660d11db2848b99f42e3956c7e129b1ae30492dee5530e1cb0f7af,3cf206cab38b4d92fc0811d34c19355a02fb51d3ee88a640722a032ca37de7ed,+91-764484XXXX
585,P1577,Shaurya,Joshi,27,F,1999-09-27,e93af03a077470a0bbe936427949f5b5dcb7c1f4777e447bce23095a1fcfb8b9,14f5fc8056613a2b1d6315fdcba7350b0987c23aa10e54d2b505c55ca4561698,+91-757498XXXX
586,P1576,Ira,Naidu,50,M,1976-07-17,04fb6e725659192e7258af3c445b33b9d30688c6ce9f6253177bf19c33829f0e,85e3077ea791a109c31ec3583f371fe03d1c83c6f1a1f1e90a1b1f89b158a310,+91-979583XXXX
587,P1575,Ananya,Mishra,9,M,2017-05-11,ef71da133f06294e2d1654e54ef1c93304d771033405620216b2317ac94c5b67,a155c0c4889b24ddff731f5315d50819f92edea96ac7869011495f0811f99abf,+91-750214XXXX
588,P1574,Shaurya,Mehta,42,F,1984-10-03,b9054eeee60d04457ce8a862213a61caa2403cd01130adee905267d6f8274e75,df0f4ed68f597b83fb172c9712d43cb3ab19528171c31d5125ad3e69c751fb68,+91-964871XXXX
589,P1605,Anika,Kulkarni,58,M,1968-04-01,987ad4d5916e3d0ab1149fdcb91e636edd33bca1aea9ad813852961f284e35c5,4442c01a7e1662a64464730dcc226e5f39e8615ef8606ce1dc53ed418bdc58c1,+91-693508XXXX
590,P1604,Riya,Mishra,13,F,2013-11-24,2f93dca29ad27070132b01de768d6563e60d9e1b765496e199806c93a73e5d1a,68b9b0653c15f2910cb8b1ff240f7113dddb95ba404dd7c1f3d6bbe4c596620b,+91-873715XXXX
591,P1603,Ananya,Gupta,45,M,1981-03-02,bcbc37cbc65445f47b47395f9f3039cead525d6f833c835678b8848105b49d7d,7b3188d950d7244016801c9e2014e6c7821bd582ad596c95e25c7af784ab43d7,+91-788954XXXX
592,P1602,Krishna,Sharma,67,F,1959-03-07,6f8e7b9365e9ab9273053226cd5f57ae3449aaa83209bca138c3caa62c26fe56,449e4f9dfb6f3e2a5506da696270ac184bdd3ae55e695c64ad8e6dc31f9946cb,+91-920449XXXX
593,P1601,Krishna,Naidu,39,M,1987-12-28,f1b3c302d6bdc4f704affd68fed17b30b90431653a8e6cc0b33ed75bc8bf6fa5,3d09eee14e96197bf6b818b624652c48d3f823be3999e92d220038d7fdffeb35,+91-668834XXXX
594,P1600,Sara,Agarwal,19,F,2007-11-28,da54dd891ffdebbb471dbc9754c1d95abb7fa55ab57f4ec211bdaf5909f02906,04a512943214257ea28f566240136d27e46887ba8dd9abef2f97efc48b9dac02,+91-763152XXXX
595,P1599,Ira,Nair,74,M,1952-12-19,7774f61a8cf2a2fd498fa1f0c6b033087943f0d3e15454dc98ddc99cfeed1ba3,d559dc149d3d54731501b59f24c666602877de4f7de0cede3d4ec34ff46b943c,+91-763669XXXX
596,P1598,Aadhya,Gupta,39,M,1987-06-05,d469f9896d79e3506d4cf4318234d99ac8cf0015579e26ce39fb665b6b055af1,0fdb0c03a074ab049f9c87efe2970cd47dd6e251c08043890810f207c5246c3d,+91-955494XXXX
597,P1597,Kavya,Agarwal,54,F,1972-10-18,2d0b5379471539f3532ed6c9e066ddfd77b8f0edfe463074d354c6d0a74bdee8,3ee89d87e93704a26defb0e434b9b7709c9b68db1bfd3a31debe90e0f76018e5,+91-889519XXXX
598,P1596,Vivaan,Das,61,M,1965-02-04,a6dc85d3c2d7522c6775d23972b0e1b674fb6d63e4c2525204abbe5b3eff7b9d,26d3bf0bed94560ffb62fb4a174c1625a779cb5667a86f892d049f54252fa0be,+91-771844XXXX
599,P1595,Reyansh,Mishra,19,M,2007-02-26,8ff522ccbae33715619869899e2cbff5d1b9d51fbe6a577c85d36c5b91a7919b,d20df67aa3a9df9d07f38525b6b68f143ac544a920dcd4d56f0231517779cedc,+91-656696XXXX
600,P1594,Diya,Patel,31,F,1995-04-06,dbb81d9fc9dfe16b63bf87b17a90a54dc21b3ce9faddfeae8c9bdd8221d73d51,878eb0b9ac8e224a3a19f78df7ab8458cc0111f0555fa1a9b334ff99a2a127ce,+91-623729XXXX
601,P1593,Myra,Iyer,70,F,1956-10-26,834d75e6698ee5b06a4819153ec45b75dc6fe78766d07b0a3b5f1cf2320879e1,cda898abdf2e2df24d75009eba223f7a69228772b7e38ef9ca6e0f435e4996b3,+91-989371XXXX
602,P1592,Ananya,Reddy,36,M,1990-04-20,a7abcf7739c61ce13ad0f0b70b4f3aa270f3ed67cd2a01bab1df95a618c37a9a,728c434a57f730d2ddc8f766a671d9386f3f1ceab42edf4a5dd82ca22cfdf46a,+91-858524XXXX
603,P1591,Krishna,Mehta,4,M,2022-05-23,2184a6a7e6e6711e78078654ca64ec1150ad068d87c1c7c81715bfafe089ae54,b7cbdd0b121de3086944aacfece77f93a1efe147fe48d8939c36a23eb96db39e,+91-975585XXXX
604,P1590,Vivaan,Naidu,45,M,1981-04-12,3cd947785a60bf79cd10604154a73f04a85a67d79971b97c395024d62412e5fb,baf0e198a4271089e8209c02cebe87959a5b81aa424655d2140c4054430c590f,+91-650336XXXX
605,P1620,Saanvi,Kulkarni,58,M,1968-04-10,3ae2e92e9ec9e42bf3c8602b4f829761e7296ca17d4887e2dca3023211d6280a,d101c11190bb5e4a2a5fa131a553a4d14f5ea99fd78a1850d1957c2d1c69c0f4,+91-882913XXXX
606,P1619,Ananya,Banerjee,6,F,2020-03-12,904746a6ff89fbe352a7d82b5b9ce693879e32eef83e968751e5c99b19a74e14,e89bc8cb0e7237f6ad17874a08a970b4eb60f84e99da423b5c1f14177ab9c170,+91-928096XXXX
607,P1618,Ishaan,Sharma,38,F,1988-11-20,dbb741d33c0e0704b9fa5988b14311dd0edbeb68f26b1c3e31f7e7ae33424103,9be394abb53171faa375954ac027a23037ae527ccc8609fbf98a3a48cc2e1906,+91-965298XXXX
608,P1617,Reyansh,Ghosh,33,F,1993-12-05,31c35dc6ca07d6f81ecf49e41d57a90405a17826471782ffb5ffa7b9386fedad,6f639c4172f9962128b71e8d7c9588ffaa99a14e8b02e32800f70849620d82f2,+91-618234XXXX
609,P1616,Anika,Kulkarni,56,M,1970-06-28,db6bfdf57b341ab49b3e57569cdc7c62d5a14d9e4730db3bf904164c1d607684,43806f7dc8bef1e9932a9c2c01ba8687c38aae018cf2681c1a2bbfe8b4eb1917,+91-757132XXXX
610,P1615,Kavya,Patel,25,M,2001-07-23,e1d2097b866760884b889f6213c9d0e2f269c6aa0d9a7fd7ee250e95c7bc7af4,ffe77ab973518e2cfdffff02e2dd23de31e58b8c0090e3a75570b8f32d2a0308,+91-737816XXXX
611,P1614,Aarav,Reddy,63,F,1963-09-12,c6f259a32d759e1e77ba7b53f513d30ec328e7a9bee3c7707cce94c0634c6b73,b19ccd88c16020a31e8b8464468faeec6b0f5dcbf8f53d458dc59d8f6b277220,+91-811059XXXX
612,P1613,Arjun,Singh,62,F,1964-03-28,040991ba5a1a41e38c542a4c8f4ccd3f1a1d4a52b9156e6765be8ead6b831305,845c8a502b8a07952f1633cb07a9b9e05874546f1ddcfe33197a91a721ddd5de,+91-718324XXXX
613,P1612,Ananya,Pillai,77,F,1949-07-13,9a64b3fa933cdbdf3f5b419930c424ca17d53095745410ecbe538f98a0d1e28e,536db4c9842aae380cb47aca500b4609522518a6bef8cb93f50c5bd6984b9c74,+91-767542XXXX
614,P1611,Sai,Banerjee,3,F,2023-05-22,c880b9e6fca8b83b886e242bd11481537f3496cc0364d23d1d946101957734c0,74df9bd496d54137343957493ce973e045313953a396af75a99506138724784e,+91-839785XXXX
615,P1610,Diya,Singh,1,M,2025-10-18,05ade7619c2c225f0ef33c81c385539ceafe3316bfc1bf4a1702cf01cba3a81f,24f0f878954b946c5bfd6f85d0dbfcba02e261f406111d9796f1f1bc951392c0,+91-875087XXXX
616,P1609,Vivaan,Mishra,39,F,1987-10-16,99b4d39927d50d446f1335f72ebadc3cdc01d9b1ea51be831550d249aa258497,e5983876c9fea8ff92e9f096963a4be21a87a258dfd4c8563708e87e1019afe9,+91-849036XXXX
617,P1608,Krishna,Verma,61,M,1965-01-03,d0d68181e82cf5507da32dd9b3418fedf55fefe204a0a41aff7300f3bce6ad23,3eb8ca3a8241d1fad2a69431c8a7630c25e1166da74d81d1c32456f9cb305ffb,+91-710571XXXX
618,P1607,Ira,Sharma,72,F,1954-11-04,ced80ea6a59e2c0358537ea1be4bffd3de817b335af04fa50bb8a277d3c06075,acd621bfb70016d36c97ff983dcbfc287018a4e33f8aca23cc16c651b138d039,+91-753522XXXX
619,P1606,Sara,Chatterjee,20,M,2006-12-28,b5531071d362cda47504d23cff1a66c8519a3c54b3bd7ac8451e968170ca7602,8db631c1d35f3d5ae65440a50b4f76650a069474249f59835bfbf146df8fa7d9,+91-939390XXXX
620,P1635,Aarav,Khan,18,M,2008-05-28,1360e77f47ccec338528f6d0935b50fc272661be90ca0b6efe636f773af3e74a,e7961b3ff9b2a2ba64f481d4e36f9968f6ae0645572d1a73bd02e2bef526eef2,+91-832218XXXX
621,P1634,Riya,Naidu,57,M,1969-07-13,d4124cc31c3e4248f02f398b49c2a2bad54ecfa74608906a6b162da5ad55b169,a7f33fed726c20d3fce5c2e04343ba73cc9ef398d142a7bdc1419f2d22ba8555,+91-670792XXXX
622,P1633,Sara,Verma,20,F,2006-12-05,13dcc8e012d0122f1f262099fc59066d446327a5be57697b395bf69d82f71020,5d3509579f795f070e4a5ed8bfdfad680639084f3731b3a2705d05b647470b07,+91-849300XXXX
623,P1632,Ananya,Kulkarni,19,M,2007-09-23,48bec4d83eb6a851a8a1dbbcdd4c752cd9f1213208ed62ea31078b2be4054720,e9c80313f7c0c2f840f9c5bb5f8f868a202db67753a02fbecb19385c4ccb3894,+91-618040XXXX
624,P1631,Muhammad,Das,36,F,1990-04-23,ee3444fd92d8faa09aa8aeb6cd7adcff1a213f776cd4cabddc8534003f044235,67780d9dc628c715af0db5be010ec853f818c41f9caff53a77dc542bb827febd,+91-779819XXXX
625,P1630,Aadhya,Chatterjee,75,F,1951-09-20,ecb0c0f26941554cda33f34dacf9b50e6e5286144b299e43594ada622aaf757f,fc79c3b12f5428e360ab51d89f0002ae72717137034271c684a2f561c8979334,+91-862751XXXX
626,P1629,Kavya,Banerjee,85,M,1941-06-09,6a9bf6d02ba50430ebff6299e17fcbc665707464fc8703140afe2ce2d3d4ea7b,60a1d6054a0c04d237e426fb2d9425e69d31d9688f2002a20e92c14c194d01be,+91-885178XXXX
627,P1628,Sara,Verma,80,M,1946-01-13,af346ffedadf63d96a2a41410f476b4e731acae535a39a7fb306234e6b43cf9a,64dee03bf1e76a2e67c67cf0519308df28d5a2fa1bbf992164979648ff7f378e,+91-734629XXXX
628,P1627,Aditya,Iyer,21,M,2005-10-06,7b3e2f27348867c295774a387bd52fd03adf330da67e030292135e711a58b83c,27c56e39e7d7d92cb9edd6bf4eec8a06e40d3b5c0d57639e5a9c20c02ff16d13,+91-788302XXXX
629,P1626,Arjun,Kulkarni,47,F,1979-07-08,fc578ede12a9957785706674045dc6044f11f1e67dc1e8d0e74cb58e61074a7c,0c1c881e189a67ed11bbb58bd8902b310fd6694b1bcf12587eeb2295d02363f9,+91-692397XXXX
630,P1625,Riya,Patel,61,F,1965-03-05,e7c878671246f91b101bb6b6a2635ab85b15efceef62ddf97bca53704b936d57,594d0ccc22489559df9209c84f9716325484f4c5cb7c1ad9405f0c941a8bf8a8,+91-655214XXXX
631,P1624,Riya,Naidu,45,F,1981-08-22,b40842ed2b0ab6bdcac1ee706635d2057d5fb78b958e5b6631dc6001d4aafe07,3628a8b0d677dea2ceab4db57fb626f856d552e2e91139c7b1bb94dade5e1989,+91-648572XXXX
632,P1623,Diya,Mehta,32,M,1994-03-12,742e32249c6377216c6bedabc74517d38c349b21db11919f52f7a183e7571134,3238f37625bbddd179ef0915705828860ea2534b08763ff4e896a7a98b7087c8,+91-760540XXXX
633,P1622,Riya,Khan,45,M,1981-01-05,4c2afab2668201801d18940f6b7d5618302b1773479e0abbf0e73b518d1c0c17,845d433e5bf82e34549c6bf80aaad122a0858c6212cd38a8efbdf1ccdfbaa812,+91-948067XXXX
634,P1621,Aarav,Singh,44,M,1982-06-24,5b6a3901927e1af12f0f875f00025971352a2f9eb5a2831ee559328d09d27250,10dd56dfba705de236aaee4bb258b7706a11394cb90311dc7a41037ed678050e,+91-659720XXXX
635,P1651,Krishna,Singh,72,M,1954-12-14,52be640e5b26c49ae645be7259c419e7412eef85da8fec39f07a6dd41ffe00a0,3d96c86527d10f0a487d9504af7954a9cbebc4c748fa4f07cd3ea48c60186df7,+91-859433XXXX
636,P1650,Aadhya,Mehta,16,F,2010-06-12,da3981b12c75f9f595d9ec275d6295a129eb5a4553fb9ecf70b36479611ea9f8,5ceafc0a5876a70db668b8ff4efdabd5d984da61587065f922f9453ff2e82aa7,+91-785494XXXX
637,P1649,Aditya,Joshi,74,M,1952-02-19,43fb8133db273eb5c208c604e5235b73a6632bd11f5288278d30e83c6fdc8e99,e444e37cd5273d57ac1ecbe3180b968e192fba74894a1b5ebc3bfc1fb70836cf,+91-824841XXXX
638,P1648,Arjun,Agarwal,12,M,2014-07-16,2821f62bdf4a84a3b9afbff6fc8bef72b54f049d23d536b139336190d2fadb54,689c8abd34f28634919c6eb9c9ff241c2a5d1dc48a1139e3531f251eed3b54a8,+91-622150XXXX
639,P1647,Anika,Nair,75,M,1951-12-26,47da74814661a94c2741762c39ce7a13a48c2537275397c2d832dad2cea9d30e,90ef07e499631183943716c5e26059fae3bcc6307e5b6861a7cdce2677dfc357,+91-821158XXXX
640,P1646,Ananya,Gupta,57,F,1969-10-27,f870a046aec845151d1f36abf4c65aa615cd95fa7d20586744597e7f2c98f087,fa134df13c2d046c30a4576e2f3f3105a36955cf91f75f878673ff1e9a321540,+91-819105XXXX
641,P1645,Aditya,Singh,87,F,1939-10-11,d9d1e3bc69659949a2b646c3d9a3c27c8fdac7c1f14c0cc48683ccbe8aae0ee6,9c2f7aa0736076a9a7b7b334e6b6f6a66115b3d87ba2d04c2d540100a9b84e16,+91-880369XXXX
642,P1644,Diya,Iyer,16,M,2010-07-13,ef4ce33bcf1c8cd5a5e948d53677b2703ce3d3b3e2b0670c13b9b74e13ce54e7,e57ed624538f92daabdd1c3f790420c0bc39578e9b7e4d6fc0f7f31c6a7cacb9,+91-612277XXXX
643,P1643,Muhammad,Das,3,M,2023-12-09,4a9a066122182c3f14f2861f8a1e14f665055e7bb88e3a627b4919c28e5b33f1,dad82301a638061540b912010dc7a836876c39ea9a5953ca81357e76238374e9,+91-631724XXXX
644,P1642,Shaurya,Banerjee,54,F,1972-12-27,628877ec9d1451b0d9566a67fb154b2258a50b49c8fe4fc642ae66525d751853,baa2fb06b2e4182b949513836a215590bafd441a9467e34ee052e58b8c7c8972,+91-698751XXXX
645,P1641,Myra,Gupta,1,F,2025-07-13,4bb6235ca28f8675e853b5869a4b5be6eac925ae5fc9d48216f493b82140ea88,92dd9985aa1287f1d161cbdc6a4a0efe23fd7f883bde798c07380cce3812f814,+91-717457XXXX
646,P1640,Krishna,Banerjee,31,F,1995-07-22,8f2c53770ce35681c59654c6322379473617c8659b4a43840384a7d498e4aa43,942a1722d35c8e18b7710457628c6ede618e7b601501920a9a510668f1c9cdc1,+91-929489XXXX
647,P1639,Diya,Mishra,15,M,2011-03-16,022599ba96ec0ae4f29dbe98a83cf1cb96289047e9570c4cb48774c89b218e18,0db7219207035353ecc60e4838b2446cb9cb04deb544e5be9cfcf99b59140316,+91-797708XXXX
648,P1638,Krishna,Banerjee,14,F,2012-11-21,4f44a15b4287ac9da1ddf936ebb13072fc484e23782407f5827ab2e99c0809e9,6ec98bd7ee36ab077fae26dfad99c6af6dc672cf68739280db52cb9e9c3d1e35,+91-816148XXXX
649,P1637,Aditya,Nair,49,M,1977-07-20,8222b66b9be5d0b67b3d55e9122ec6236d2a5aed899269a90f5becf69b268e34,5bea640e9b3d7774f0c3f8b6ccd1ebafc4a4e320a09662bdbd48790794262b2c,+91-798413XXXX
650,P1636,Reyansh,Ghosh,47,F,1979-03-09,42368250bbe86203220c1986005f11cf1f3403334d044ac8ad27e5f01e9e540d,e04e42c470dfe76a49fb7d854d61ce1b948db6812031db55b6178dfa81e45e1d,+91-886048XXXX
651,P1667,Shaurya,Agarwal,73,M,1953-01-26,a7cc53a93df803d6f265ca8cfb45a009fa1ace8761285544155896819f6fd051,08dc28e58a8886e13ca8a7eaba26bd429dbeb37c9ba021cddb4ba4a51eed4a8f,+91-639890XXXX
652,P1666,Diya,Das,17,F,2009-08-07,64eeb86bd8ed73ee8a0da34e07533ed6bf7c58203158ea9bce045836c7be80f8,9d40729502bbf0019de26641b7620142b0feb3814e2f97491f4096962b977ef2,+91-921716XXXX
653,P1665,Vivaan,Singh,63,M,1963-08-15,94528a6618471228915cb692447886f3051e536d9096b8ad5ccc7957136580cf,5dac42cbbc53adbcda790cf7a733a85ace14c86b14cd6fb9d883c8fe3a3d3cc0,+91-626595XXXX
654,P1664,Myra,Naidu,27,M,1999-12-27,c23a1d726904368730de29d57bd75e1ac6928494ae6d0aff995c18234904fed8,02ec66d7d6dbeb92c3e5954870b8e50b223a8f9b74dbaa37d154ea43c84fe82c,+91-865027XXXX
655,P1663,Saanvi,Das,64,F,1962-11-05,49f2019004b0f4f4482a3c11be669785dd00c967e6605db0818c399383b0b734,6b1404bacfff6434d6bad2ecd6104f170a32a11c2b3afcfaea63aff7fe510065,+91-860816XXXX
656,P1662,Ira,Verma,41,F,1985-03-23,e0b1dad3a3756a90215143cc6692346836b79164f5142770d57d3e0fb7a91b7e,69feb5febec130383858445f22fadaadc25229e6736cc38bf0f33fff935dca68,+91-920105XXXX
657,P1661,Krishna,Nair,28,F,1998-05-18,c10df894d98b17afe21cce9f8f6aa34358d24340c04c646973349471390a06bf,3d43b8796c0e19b08bdb45db71a7136d841f9b8e86ba70db0565b1c36d003186,+91-914296XXXX
658,P1660,Anika,Das,50,F,1976-06-10,d0d34b2fa0bfea52dfeacb0ae6cf517687714c6ca1d0e328f8c4e275fb3439f6,066b24e56a49d01f6c08bcd16c47ed1769327c3e1b744831d9bb5a396c921bf1,+91-677211XXXX
659,P1659,Riya,Mishra,60,F,1966-03-05,cb2c95e00a4fc0fca2569e92d74f28fa53c6d7759bc2bd66734b932c99eabab6,44a5f7cb0ff70e57612b48f1985fba4726d1970c227a37f1161bb5c8babbbbc0,+91-645575XXXX
660,P1658,Saanvi,Joshi,58,F,1968-12-12,a242fc41d2c8ba84026323d47c5fc34905d8067a615328c29ddc60af78217517,edec41db3dc02894954646b66fa960c64a7934a9db56b6f269af5ec826ee1f1f,+91-914904XXXX
661,P1657,Sai,Kulkarni,8,F,2018-10-02,411b39f852f646cb8a8ae2e1c8eaa155d65cb0a8a8bd0031116f733588e78445,c37ba4b20895d4d1c8a31be75978722ad6649eeeaf9fcfb1508ae94be596027b,+91-617013XXXX
662,P1656,Aarav,Chatterjee,36,M,1990-04-10,e41c2c72b3cde9d3af887f5ac594321802f9d9bd6fc15620242641c2bc7ead90,0e49001e809ab718275425983b4ef0710d0b22d77a6b8ed3acc24052f872ea5f,+91-927697XXXX
663,P1655,Aditya,Singh,8,M,2018-06-21,87f3f4ee2477034e8305d0e99d70eb08b64c4c3ef92fd748d5094b8f36d3b88b,d9c519ee9b58fa4b9f115e558933c7077cdabd3875f9b0d18c9178f7415413cc,+91-923436XXXX
664,P1654,Ishaan,Nair,28,M,1998-03-09,4aaee51413946d98aa14cd2fd38412a47ab4ab55ba74df3af255ef12dde85e86,870b9229ad3a51fb52b78554d012e514c936c05c698b95f0bea05bb125531083,+91-764040XXXX
665,P1653,Shaurya,Reddy,24,F,2002-03-02,781fe8a79851db09559e6df09b519fdc146003d81df535f9c037b4d7ccac46b4,7509efb17994be98e861c9c1f92b968fe92a200a89215fe2e72047a3a9824fd9,+91-926075XXXX
666,P1652,Aarav,Chatterjee,76,M,1950-02-01,234969d381378c8259ff79da721560103affbedb0a4bc62a79e74e3671133378,e8114fcb56a2a34892c383f388358f54d26e721e91acdc615bcc37fe1bd3cb2d,+91-685312XXXX
667,P1683,Arjun,Das,30,M,1996-05-01,39556b9ac399ac51f2b3b0459faa4f93ab5fc938ff4446752796ad331d22321d,b00026c97be7ebc42cd2ca76b9fba64483c10aa8c21710d8099b81bf7d1cdc75,+91-995409XXXX
668,P1682,Krishna,Nair,56,M,1970-04-13,465062afb7680aeff3f2aca882001b26b2f58358b0cf8809577cac21a647a356,11a08a5066874ca3fbca1323a0e5db9333209fcbf11ac392bee918eb2111a078,+91-621911XXXX
669,P1681,Anika,Agarwal,10,M,2016-02-05,e01c90f9418b5cef40f9a5a70a04e168ebc5c273c8c8d676298f077ce78cb83b,4853512c6e8979bc03f2830cdeb0a3682938ad26b28949ce799b9668c794f2f6,+91-978124XXXX
670,P1680,Ira,Iyer,66,M,1960-12-24,5d466ef2d0401dacb198ce28f6eba0a2a3407c613b5ab901c48e01630ea4c69b,27ce329d7cf6413e6193f6a06d35f0b54c84a26eaebf173b671dac8af29efbf7,+91-620014XXXX
671,P1679,Sai,Pillai,25,F,2001-03-11,521eeb549a52c799716650c17817959db86f3de98e9f3bba8b755dc36da480ac,f3b7d9b3b942120d6ccce591dfdf75fea6e191df6eac3e261cbe392b81ee94f4,+91-944158XXXX
672,P1678,Arjun,Joshi,47,M,1979-11-13,05ada28d6858864aed029b176ebaf0fe8ff1f1a761df2183c6b8838cf0270bf8,6207d03bca1558271093f70bd6d35e7f31c6fa28729ca390356abf7da16d37d6,+91-828297XXXX
673,P1677,Diya,Naidu,69,F,1957-12-20,6c14df191a297f499d9ca5dd179052c1ee32fb0ac961a0bd4f788cb9223f32db,58b3a1d30a0b7cf0f446704f987b37479a293086dfc74deed0bbee69f63bca73,+91-838734XXXX
674,P1676,Reyansh,Reddy,82,F,1944-06-26,7654ca801744b8774e967b076227bd97b7e9f51c03a682fbfd820a62e91d95c9,c70f2b1edfeb87a950f3a4c31672dd2410629109b5d11145257c78534fbc440c,+91-733931XXXX
675,P1675,Myra,Das,6,F,2020-11-10,fd2aee20063dba21c4692e2c7b7890647014eb899254078ea0df8fe511916fbd,e80ae7408f6fbaa120d07d073eae920cd43bd2e020966750f5cd6a91501dfcb7,+91-679752XXXX
676,P1674,Myra,Agarwal,35,M,1991-02-03,81712abec2432ffc84c3d7cda51a26c521dbb0f2c1919287cc04df65ad7ec9c5,13135a3724b637ade111f5d5e6f47622a328518e47a9eef07e30ad7647118210,+91-955997XXXX
677,P1673,Muhammad,Das,46,M,1980-06-04,55248fe7ea3d1aa72778a4d7661abad1cf363efa8440282bf15ea7cd01691425,0bdf5975645129dc7eac92b8fe4c5ed2776a49bbff82642e645099546dff8fce,+91-642421XXXX
678,P1672,Diya,Joshi,13,M,2013-06-27,c00f75d4cdff6ebcbc9e045b478deff0de5a0dff2c3220bc0605e6e23e9adcc9,17230c84b4f0a5b816dba3f6d12160b7ee17dbb4cb982aa75c71c1eb3f6b9a3b,+91-633474XXXX
679,P1671,Aadhya,Verma,29,M,1997-11-19,fd7002f24d5ef37ec74ada8bd61efa4c8917c0f60bc47030b65a009d6fd3392c,cdc081cc47c7a000f308b6e9c65f810d8f605cb6d93e59f4c49f582de698e76e,+91-626160XXXX
680,P1670,Aarav,Banerjee,77,M,1949-06-22,d7e687a8b5408bc2eca523c410a6509d9aff611deaea0f60fc53d3e9d714d990,e1e7970673e9c156fb53f6d3229b0fd4bd54e5b928847adc6a792b6c00e6219d,+91-784806XXXX
681,P1669,Myra,Mehta,84,F,1942-07-16,a39899a206a66810f3a18604a52eb09e300883fcae9f650775be4ecc0629aa50,bcc768d537a8854c997630a0b12f8a2144261d1a8fcafb61d08f493573c8a628,+91-955067XXXX
682,P1668,Ishaan,Banerjee,33,M,1993-07-03,ad8d7e038279728b9b9af252f15c5a45e9a1b15d0ddfaddb69d8c91445a7be66,322020d594395bc3c8c764672dad01c3f9ce4c54b1ded9616277345ec25365ea,+91-960831XXXX
683,P1698,Ira,Naidu,77,F,1949-11-05,459e0fa36501b54c7fd5afbf8a4e6a8693f90598b118e014bb1760b3177e3348,c53d35779afaa33e63c551a2ee4a8b8691048897ed417098f01b4caefc3cd333,+91-997886XXXX
684,P1697,Aditya,Nair,49,F,1977-01-22,08be6d29c51a7f7330291fb015cf649b467f895babfb3a3c60b7aee1302c4a04,ed5785eb5779aa217235acfcf16862a61be78cab699aec739755682bb19d426a,+91-719856XXXX
685,P1696,Riya,Sharma,27,M,1999-06-25,5321393a3b8533947d8356b02fa046b70b23e010387c8f27b6b099e6410bd0bc,9043f12d5669fb68bbf1dabfa0ab72faccaf03cb8e8ed21f4b100d4281bf6d37,+91-744288XXXX
686,P1695,Kavya,Iyer,59,M,1967-10-15,c080c7ce404b21046c856a248e7fc58e16e2fa063d673205a240af65793d8dbb,dd33557e06048f39f9ee0c1356de94eb8204d9fca6fe053668750ffcdf828208,+91-894282XXXX
687,P1694,Saanvi,Patel,86,F,1940-11-04,e305368568fb3fc280914ad2f44280111d1b5073b1ef8da2117bdfdb316983f2,cf9ae6bfea47b64c8abdb7f8fcfebbe9ae327e68fb30a872feb8c71adb0e29d4,+91-844057XXXX
688,P1693,Ira,Gupta,89,M,1937-07-24,02632cb7aabce883af915d8e806e3b9925358124a932f8e3615fb8f8bc330cc8,47c465447e385ac56078ec0727e89b62f7a15a384d6140a82abff3993576f359,+91-659582XXXX
689,P1692,Sara,Verma,63,F,1963-01-21,48d78a19f743780bb41bcd0b9b2b0d3d791eda80b047ab056aa5eca4122043e2,bd9979faa7ab517e279db3fba940fa3bc87855f10231f615cd37f9c4f4fe544a,+91-855230XXXX
690,P1691,Vivaan,Agarwal,26,M,2000-08-16,854c911dd0cd9b0ed665e402d5c1c40e6600135c1181c724fd1ae0be387fbefc,af38922b43a2f56759449adacffe040fda6b6e3bf22e359eea0097d2f0ccbd21,+91-721050XXXX
691,P1690,Krishna,Kulkarni,85,F,1941-10-07,5294e749960db3ef42624b9439c03455bd3afe6623c8d74e28a9a22a3e4cbcbd,03623b9cc0aeaa917bd0c837d6e43acafa2cd9b6ac337f4b65fd29ad47c03529,+91-611034XXXX
692,P1689,Ira,Patel,11,F,2015-03-25,cf52aad4d49f10891fa07b9a3ff29a37fa69a31182bb1bf2926a5cfaddc35f6b,7fcb117b82cfc79d37b5720ca699d9d8f7fff4112ecc0a3a66a81a05e569ad42,+91-852767XXXX
693,P1688,Saanvi,Gupta,49,M,1977-05-20,24457f271d580072872da9416d809205d880ac637cdc3556b27d1d057c5f27b9,73d67edc8e595779c9ce1a2d3512222ce4cd68563e66072b7d30611eea4cdf2a,+91-956097XXXX
694,P1687,Aadhya,Pillai,18,F,2008-10-04,6c7aaa108d171636b8c55b38229c3d058c0f726af8f273d39fe9309b7427d431,fa1fd1175a787182deb79509b8cfafbf1c5a868b780fae49fd5b309fceb3e7ad,+91-921048XXXX
695,P1686,Ishaan,Khan,65,M,1961-11-28,176c93a7de3c469a58ba1ee4ae7b0af27cb4179403eafc7f42ed1d741f123678,b35b72c9afcf142b1d3ae358a3690c5125a694b777e7e5ba5b3d092b0fdc4cd0,+91-719875XXXX
696,P1685,Myra,Ghosh,33,F,1993-05-09,59abdd20574ffff87b07370d5b7345b64e0c3224b2198adbf9ae2423c873d8dc,0b1f4ea3dbc6cb3e5e41405dfe0408545e945e9ae1b85acd9a3f21cef221f85a,+91-665619XXXX
697,P1684,Kavya,Banerjee,5,F,2021-10-01,641b24315ebe2f472fa49e7ecfcfc6d48faa46319bbfe1b6568e768f9c72f822,0d8aac9d1e611ff033f94050e8275b1baca2a1cb6b8ec431875dbb567ee0dce1,+91-622585XXXX
698,P1713,Kavya,Verma,74,F,1952-05-06,164b77d90473c5d7a8b41096297deeeb47457ec6d7c8111403e7e5b6ee7f2c7b,f41076e6523ca1a977a8414ff8efaaec9e6c29d5f2fc941176d52caabbb01bda,+91-641224XXXX
699,P1712,Krishna,Joshi,74,M,1952-12-07,86a9bb212c1d2f900b4e95b3150fc0ea99304136fa89ec71a51583c5b36a868d,0b6b586306fdb50094fe7d13463cfd542e9be5c3a728ad56ceff49af2f9c076f,+91-880894XXXX
700,P1711,Ira,Joshi,37,F,1989-05-01,eb20d1cfc79c1e1b9d1702a5f64b5d04871b7613d6261160f1d9c64f3271b1b3,1e4b1de7872bde9eed6f02314189484c7603b1e4b4f424a00f64067b5b184e36,+91-862272XXXX
701,P1710,Vivaan,Verma,53,M,1973-09-23,438c35b137b8bd2b246b5637bd69690004d7dd6dfea58a723d8c628e57e92391,bfd7fe787564c1414cc770da36934f2abbd9f62bd4695703153c4766f6c35eb3,+91-966576XXXX
702,P1709,Sai,Patel,23,F,2003-11-22,e63aa93d3ff05707d93963570cb530b705ee1bde00546d77695ebebb546d1e21,1e1f3501d5d19dfe748820b32597a1d64ac35858bb3c476217f2784fe2940657,+91-748353XXXX
703,P1708,Anika,Ghosh,53,F,1973-03-14,2febb13429e597223bbfc8338ba4b3db82fcca3206e46231cc6ada5512440f20,8a0a3415d6b93c46984193889b7832ff2dc1078ac2c51420354b95995df85dd6,+91-849115XXXX
704,P1707,Saanvi,Das,3,M,2023-09-09,9a9492fdb91270b669bdb5f3afe30f45b4004dee0849115974d57ac6d43f5742,01b9aca2c79b191376ae8814db985e303a803617936c0e31984802cdf83f895e,+91-899695XXXX
705,P1706,Arjun,Patel,5,M,2021-01-27,d0967bd3ce5de9d78850a30eae1fefe11333dd8a26abdfe429dab01caff82087,16188c7ab5c132ad67e5100b57e9de7b1f6e3d74e19af8bd75c187e6c4fbb1a5,+91-738328XXXX
706,P1705,Saanvi,Sharma,69,M,1957-07-11,0d2609660ae5284712c514814e8629778e1be71d4af7c3013c46b9faf7d3d58c,5eb6d6f2e8af9f52a71712a5974011d9ddfcc91d447f8da035a53ba3c3273ac9,+91-989359XXXX
707,P1704,Shaurya,Singh,81,F,1945-02-06,83fe0652594ae4b79729aaf1a884eb7fdfcf0832d5d90e2684b2ffc6dd9bf595,7761d72cd5f4a59027c753f93c6f9b4cedef263d001553d8e6ea795923786e2b,+91-952185XXXX
708,P1703,Aditya,Joshi,6,M,2020-12-23,9ceb6ba7ad2b4ff2bf032f810a5b0c8670b99912f488befbf7d4dfb2b35def84,d8537a6f528ae6a9c685eb0f63c0979e60acb74c7fb304487871e278c45364c7,+91-633577XXXX
709,P1702,Aadhya,Mehta,55,M,1971-11-02,bee36effe39b6d266b49f11b5e401943bedfbfede5bd1126b8a1043e4580f100,827deef5d772532dd0f2fb5313a92c138ff06ab50f8db83cb19159311502bead,+91-930823XXXX
710,P1701,Aditya,Gupta,21,F,2005-02-02,ec621e5e43439347aed1a8204058382d132cefc25def73d046243de0173e8901,1f03027db1155c1083753dd4f2e55b7293f63d4337038a4ba5dd7fd0e6fe4fc6,+91-648056XXXX
711,P1700,Kavya,Pillai,1,F,2025-06-09,b516ccf801ef093d6e28e2b95683cf9dffd278cd4951e4234a32d37996639a97,8ff1b8cbfc03c5f3b749d76a0b1ccebd13f056564c7d2c0c367f75622d9d6952,+91-625815XXXX
712,P1699,Vivaan,Agarwal,33,M,1993-03-22,7d05c47315f3a32c20c7a076ce434201a2da8681b9241f29a353bd0540983193,b3690ec3b73177412ffc96df372a791ef9581a7fcea99c7870e88e8fa82237e9,+91-623965XXXX
713,P1728,Ira, patel,72,F,1954-10-18,04539e7bc75486089b2b104b88776877b9c1c6ba9131ae1a93fd6150d1b13652,b66db7d8f45f02a3e15de38fa35692542a80d50d24e273f4aecbec29bbda028a,+91-997385XXXX
714,P1727,Aadhya,Das,34,M,1992-04-07,2b49e827254b6592b10cb7b059a1e448ccd1963142c101d79e2085a39cf86a54,37028aad0cc91ecb710156cd2f31fe863f75cdc15aefa031b14356729dde434e,+91-744484XXXX
715,P1726,Muhammad,Reddy,32,M,1994-04-25,17c4d285664995fde069f4126afd57ab5d67bcbc7174f171889a171c38f92287,596bc49716c74e7399c4832ff3280c435b27f6e55ca4f0f94ef2ef1f9fa6044d,+91-872759XXXX
716,P1725,Aadhya,Singh,65,M,1961-03-23,4a36c07e00acece14208f37df3ba63a08538e6f8b3692ba571f3fb82661e632d,0baeff531a71bd6b78cdb63280f14d585f8f0667424594caf652f307f2761c0d,+91-894284XXXX
717,P1724,Myra,Patel,62,M,1964-08-23,b74daf382537f525dfbaafea84bc95eab6e82b5c6096f5dcd8b2e1267291c3b4,c0c2feaed742530f6b7375a0bb4eeca3f5d252a6298b21c9af8e2110b7ea7ee7,+91-863755XXXX
718,P1723,Kavya,Iyer,4,M,2022-05-01,527d08733f35f2f6524ad8ef61ccbe8d02c9521921a02f5ade8a8cdf9b342be5,de76ee8c23f4510ab61d532a2ce004a5632da8f94bb63222fd1c0afab2229f31,+91-670581XXXX
719,P1722,Shaurya,Naidu,77,F,1949-01-10,ef2c1b8eaf25b43cd587d3d0e91ee6ea768274a07e440de3b42e8cc98db7156d,97d65a7352aa44c13d3d2ea48664bdad5da478038a6c20cc2593602e524c43b7,+91-881676XXXX
720,P1721,Kavya,Kulkarni,45,M,1981-08-16,9e3afc669bf1bda40c5e38cdbfc8c814174df4e4bd652799c9b15beed5be07cd,3d1566069f13dc5609543fa78ffc2e5b9e2736d6c8540c30639323a397c1edf5,+91-980669XXXX
721,P1720,Anika,Agarwal,51,M,1975-05-27,6b556bb556dcb69efbcdf88e015bf9306359c1b150eba7415da9521a4935c4db,2f879ab8c17f68d704bec8d6b6fc20be63c32c50f1c94b52a2a15c8621642fee,+91-660867XXXX
722,P1719,Shaurya,Ghosh,1,F,2025-02-08,8cdfda521665061e62ca41d2ed92c62cb56bf4020200f9abac4a947b67daa9b0,08d40ba13980402c0e48768e6c47ffdd5238f0d1e1abd77092e32966356d7d0d,+91-877456XXXX
723,P1718,Aditya,Joshi,73,F,1953-03-08,67eaabf7d88835f2250113ccf8c133a18c5b565fff4a001869de65cd253ffaaf,68d0101ddcf1c12386cb3f845e278a36ff343c0cf4587047812e3741eae64d04,+91-870714XXXX
724,P1717,Arjun,Pillai,78,M,1948-06-20,8551d123d523f059d364a00fb2f73358752bfa9e084f4943f9f71506b9d9fff0,ab351e41cd974fa03f8e1468955ea8bc922b58926dd47421481770170f6afcef,+91-691103XXXX
725,P1716,Shaurya,Mehta,85,F,1941-09-19,ead5331e80007495709fd567174a4ea3840fa52db6e430b49d815c01995cdbd7,18c5148caa47ce384b8855282e1a1c05c1d4018963b6ded0df53d2ee02317dcf,+91-670012XXXX
726,P1715,Vivaan,Mishra,17,M,2009-07-14,bc5a09ebf43fdf4fd365946c1131c814c0c3801ca33ba9a1a7b866d81772d3d4,74328ddd1db468e95742d79c016b0f2d56c50631728bda020d5b6fcb9726bdce,+91-750369XXXX
727,P1714,Ira,Joshi,83,M,1943-05-19,118a13070e74b8f0db6f9e71260f9bf1c5ca7ec6f7cca6307c5bc1a983dc64af,f7b6599663b1a7c27da8cd2ef620abe7d33a2ca3272a75a3b82ef1ae53285b47,+91-982898XXXX
728,P1743,Saanvi,Mishra,79,F,1947-05-12,ed9f7c3750e5a10c8c61c87f8b19d01a82865245466a448b62adcf3b2ed87757,f1b02904a5843f5fe407f241a61d53d41fef899c2f09223938f988b682cc06b6,+91-724159XXXX
729,P1742,Aditya,Mehta,23,M,2003-03-13,90312d565c87e475f51f7fca2e4e4fab2dacc5ddda9b804b2eb3d8220f50e917,5b5f7356ebc0de403ec6ed68a89947563750d77fbd9e7e79c54da36ffcd80c96,+91-955907XXXX
730,P1741,Anika,Ghosh,47,F,1979-12-27,20ea4ef8265597a13e28f23d934c1c83b47d8075a9b6afee5b5f7780884bcc95,29f889cc7543af698310e454382ea9d407b6d4050901d4c81a1cec03bedfd7f1,+91-680910XXXX
731,P1740,Sara,Chatterjee,17,M,2009-03-22,615215556793178d3bb646527a29e255d818a4214548a77fad6519a1499bba4b,6b263aa809078291b6ba2a16f53bcf008a7a2e46899f08b2761d95723a618313,+91-616412XXXX
732,P1739,Sai,Pillai,57,F,1969-10-13,80cfd476d89d13157826a66b201740dc2d14c529c69fcadbf0d3e314031f2e98,d1e3ef6c7dc9d9f04713f0a322624b9bf19981da56a0e32720f131bed2eef889,+91-723179XXXX
733,P1738,Ananya,Pillai,5,M,2021-09-08,6807be21fed37c1ff50792b168653bd1c365db24da9ef5bc07898d9f2f51a9f1,5ef095054dce31b73fd4191173aa87270186ea5cd61b139f11a85f6d6c30d9b2,+91-844237XXXX
734,P1737,Ishaan,Chatterjee,54,F,1972-09-10,125bde05258e455bc1adbbeacf05071ec83bc43768b953a1762dba8ab6e0722e,adde83506465c11ccde92814c8e95a63676c0250facd0d7ca1cd95071c2d1087,+91-961400XXXX
735,P1736,Aarav,Naidu,65,F,1961-05-05,89e23bf1dfe4aef39516f02217e0446058fa52eb29e04d78e00c6e710e8bb2fb,ce77471f7f34ede522ffe1863d0efaff833d0802fca6ee4d602740dd1c0279d9,+91-797254XXXX
736,P1735,Aarav,Kulkarni,12,F,2014-10-02,6f3baab5bb7ec27243f8ca111063100759e8221cf3d9c44a105df5f543b90c15,6c24ac4187c5a4d5695530711ac90710d17dcc6732abbc3da1157bd203d98496,+91-847773XXXX
737,P1734,Aadhya,Naidu,50,M,1976-08-04,4d0ac7cc27d7acc683b0f5461905be9156cd6b4e77d0f6b3dbfb9cd4902f03e6,7eba8de053188288e112c40fcc885972c4c2c8a1fe8b846bd4a6eddb3bbc73a0,+91-983222XXXX
738,P1733,Anika,Nair,3,F,2023-01-01,33aa139803222294236119fbc1e6d49266e031b9ad00cacea6707d9f47cf5bd8,26f3defed38ea1a757a42e4034d283af723cdd8b3b21af7f4b6645f72abe87ad,+91-739045XXXX
739,P1732,Ira,Reddy,54,M,1972-02-18,d0cd599e8929a4ae3f3c01b78ac71684cce7e6b74d117f6768150decddd4b23a,a2471bc18f77658a6aaaba75a910fa240667a8c5d0ffd953533302201b887e29,+91-891319XXXX
740,P1731,Krishna,Mishra,34,M,1992-03-07,6c1f7d957a183035da545d8000fb6ce7dedd15cb0f182996cf59cac5cf4c64fb,a3dd467b724817e7cf702ca24d27e06751151a80d5e704d8178612545946a855,+91-668620XXXX
741,P1730,Myra,Patel,26,M,2000-09-10,30a4c5cc33306752a99016347717fb1f3d161195ea4e9e14a13081187cab211b,f6a2c58cc35d281f499a359a1ebcd60d6c94ef68237070c871e4ec6114c40a19,+91-898921XXXX
742,P1729,Aarav,Naidu,39,F,1987-06-01,e782ddd56e7c6f74bdd2a6982c35c9ff97eda085f054e61ac95180425f66259b,9ce70ae3dd017e2125dd875172aef9ace06312713b4e56c05561c96f1f2f129d,+91-917609XXXX
743,P1759,Vivaan,Pillai,38,F,1988-02-12,2d5ec1c1c57ebe4f769124f089686b69e5337a5c56579ba942654b5aa5090961,315f368351d2d18c70ccfad244ba68ff0bf27f15a174fa824de65923c0e43fba,+91-844660XXXX
744,P1758,Shaurya,Agarwal,52,M,1974-09-28,6d66facbf38290e6b9b02be0c8c80395e50f9709632dbe5d80e55849480bd71a,dc1a8a98a7f7e210dce8e866597245b11e5c4439834910407ee03c0d6b18fa12,+91-764617XXXX
745,P1757,Anika,Ghosh,63,M,1963-07-11,ce1772f5b6bb86a5d59b24b5178c6c1aabb925c066a066ccd28d8705ba93b940,745639912bcdd6f55f3bced34a7646f4d41c71160ed919af9df74658c40008c3,+91-941062XXXX
746,P1756,Ira,Nair,51,F,1975-07-21,4e19b5df1206894eed02c257efdca62c8a581949352d25bb03f8b4e45b3d0576,54ecc4ec9c48bbb3473d6a22907941925108201672dd4623037cdae54bccb243,+91-786448XXXX
747,P1755,Reyansh,Verma,79,M,1947-06-05,8290da15b41e936dcb68d8810da2a148319a4ad72886ae9c4f231a66cb92ed64,ba9c23acdc9c79695b912cd28b260367ce59324a4262fc45abf3d1250eb9ce1c,+91-989763XXXX
748,P1754,Arjun,Gupta,30,M,1996-05-25,dcdb94498544ce31d45bd1610e135f27815d7c6db1d44b6606a2d0da5039c4a3,b7e9159431a1a733c8bb9e048e6085d714aae5eaa9a61f2035f2805ddcfc4e18,+91-653862XXXX
749,P1753,Diya,Reddy,82,F,1944-06-11,cde1b6cb9be265ebbf43b012a27aa7717d9a34a50830c08369f65e5045341571,c61fa14bed0c039a7d9f74d76e170ac2a45ec165fd311cba754f4a40a37c804e,+91-758207XXXX
750,P1752,Ira,Singh,50,M,1976-11-16,f4288e7e855eeefdb9855c5dc1ffa3cc76689ad2acf4c56601e99fb2c6c15b2a,5a5465050b793127df6d5a3054c9d7cda39b9f37f053b8521c61f50d08abf345,+91-758943XXXX
751,P1751,Sai,Reddy,38,F,1988-06-08,303c10690eed10df942b5db045c8327ede0f6eb5b4e2294e9335b4c2d654e3f0,0cbc2f8c52644e2757b08130396c28c0348243572fd9c04cbc091d3011b62af8,+91-666667XXXX
752,P1750,Ananya,Verma,64,F,1962-12-14,2e31f04ff6e00e0246e12b227871a1ad1bb316d2d058fad27b600f6f60f55a89,4da954d24dc37d8e470fc83122bf013f703c87d47d8ed0f37ef10298cd7f9ef4,+91-833071XXXX
753,P1749,Sara,Agarwal,38,M,1988-04-26,05ffb742a61c4843b78812618f04ae362d816da747b13992d2e01f98a447c4f6,19483814fc374fafa3c2dafc2c858e33c95db0121846f75d350e7cec3d54fbab,+91-860539XXXX
754,P1748,Sara,Singh,51,M,1975-06-11,7ec0ba61e7592167666b0d33b10102b47368eab376ececa93472af87ea0793ad,cc6dbb3433df2742403e8ebea5e38b13710153449589d118cca44c63b365b751,+91-635445XXXX
755,P1747,Kavya,Joshi,75,M,1951-08-04,7567da9bbc1cfae161a1dea260bd78c11ad604ef1a6c40c77a8ab22a257dee3b,3c9262625509e6bd5dcf207e0941f940716d1a3eb8eaf726f479b282ec6a0af0,+91-716529XXXX
756,P1746,Aarav,Mishra,66,M,1960-10-11,17d8c5d17bc37567989ff47433eb37655dcfd521d9f934adadfcd0371a42a425,20bb91563e3f03ca4f183e2347136b60099cce8e3f242d243e2c9f2de959b5cc,+91-863142XXXX
757,P1745,Muhammad,Kulkarni,14,F,2012-03-09,2c92d633bd6cc5f7e9ce5c9517db8535fd0d28fc8ed885c71d76bde807a1da76,584ebaa0363e5301c06c33025c29e329486b81f68cfaefcc0b470e0e83f57afd,+91-861561XXXX
758,P1744,Saanvi,Pillai,85,M,1941-01-15,c3677613defd6e143d1c660e71f0526abbb9d6c1a158a831db1af7eb3bd38c9a,adbbd4865039abd20f3e9163116a90eff1a2cdb38e34cee797083a9ec51b705e,+91-894012XXXX
759,P1775,Kavya,Das,69,F,1957-07-10,4863140f562e34af0a577c7717ea4cf597bfc05efa2f26901b75f1adda0fe4a4,bbd93f8e724be4d21b7b39f8a2b6979e1a68a99f5d7c83944a6d0d7e6421bc18,+91-894264XXXX
760,P1774,Aditya,Ghosh,88,F,1938-04-27,377711e7a7c0acab43b44da4f5191e4d1565b4333b748e300e8d1312a5db4186,c58fdbb559c1ae72f89d2c56db2d0831ace5efb5619e3e97882d45db8d830964,+91-819117XXXX
761,P1773,Saanvi,Singh,84,M,1942-11-13,04dffdc55c69d3a8c05028a30d33a79b737e3ac97017851f0cc6239cb4bee322,e8860ed7dfcf0b5dca5075be07dd808d7d962fca02f81834ae07b624a5416b6a,+91-994969XXXX
762,P1772,Sai,Chatterjee,17,M,2009-09-04,574da37515534d7c926d165505fd177cfece041843ca7f945f1c323f42d193db,e0d39146df12f2da15063e9f8e2ee4e5ab29b6b13b98cb30ee0e1934511689af,+91-987075XXXX
763,P1771,Kavya,Reddy,74,M,1952-04-06,0072e1cd4978af66b242fb7921587d7ee58d0c667a1bfb8016b7a62c1a110305,7b2283c0909759cfb657ee7f24a5b9af36151de01332de65ad32550494552f16,+91-687548XXXX
764,P1770,Myra,Mehta,17,M,2009-06-05,1e2df802d64c5bf009023f8db6edd1582e1c0aa7dc0463fc20dac843cb272c78,5b8144db6bc0436d3168c36211325507d3ff1d82853fcef4afbfea0f860e1010,+91-878318XXXX
765,P1769,Aditya,Ghosh,56,F,1970-08-24,98980555efb27dcf6f6ed31a33482e07adc2bf7f7b8dce501c2a556e410ec40f,06d8bc5937c359274b1ff29660954f704355a66fb9714d64a917b23fc02feb42,+91-916528XXXX
766,P1768,Krishna,Ghosh,10,M,2016-05-17,2af7707a78f760a85690352b8919c0e18772cc7efd9233a51a7a67e795ca7ec8,b778a5b76522ba10ef4ea04ee6840698d9de1ec3b50a376c63165967c2acfa12,+91-759900XXXX
767,P1767,Sai,Singh,4,M,2022-11-14,2843e4eb6fd2399cc85ed601c18886041b93335ee29dd0b8d2ab27250a10c267,8e56654e733030ff62bd93ed1e115ed7e7b92dfcb9e2bcb5f8ab767294d52bdb,+91-974192XXXX
768,P1766,Ira,Banerjee,29,F,1997-11-16,c888bc197f0a9ccd47bb1231267ee59c0a44615958d3e4049f15f145d935eb17,4d60d0a6bb502c669de6d05a5701439a59b2575908e1cd8b458275bc08644e85,+91-983871XXXX
769,P1765,Saanvi,Gupta,5,F,2021-12-06,1a9c73cf4d86395c9472a2246f3225766c8967ac723c1cb3cbd57e9764b1aafc,566b98f59fe73e91c4a08a35008e73985fd2b9c16c94bef20c7d8cc31f8f37db,+91-940343XXXX
770,P1764,Myra,Gupta,81,F,1945-08-27,bf7a9aa53ae2e57dc1caca22559e0eb03a00eb4847ea5c62cddc3073aaa7164f,fe278129d2b5f56eb53d673ccbc38c44929ee151b096dd7187ff50edc243f72a,+91-830443XXXX
771,P1763,Sara,Patel,51,M,1975-02-23,e9fcbcebd823978c1239219c264c840f5a256c0a59ccc23121a65fb31c8ed39a,33921b6dd2a1a329787432c1f523f7532896b1140e9f5fbc43e69915ead462d9,+91-788099XXXX
772,P1762,Sara,Nair,30,M,1996-06-26,98512320957d707f7508f81ea4d35bf737d4e55b9537017ecc078de444080313,7a42fdc747237c3ea211e1cf9fc519fd5808eda04745aed3140d4dacfe9e7792,+91-799232XXXX
773,P1761,Myra,Joshi,79,M,1947-07-24,4c314669e588c52c6a07563d435bc0ea04e5470b875257eff12a1384a190a57c,5103e76cfcc349e2ef9db3937c0007f5875b4b37b029613097913aa72c9ee0f2,+91-712936XXXX
774,P1760,Sai,Agarwal,88,M,1938-03-04,4996c1d46d0362843b93db68b44ce05796bcb3c905f42fed27ec2e8cca8b1fb5,7e7e57c3416e1bdc376edbd598454a6e8711105fcb1e3730557f5c35a3786b72,+91-722729XXXX
775,P1790,Sai,Banerjee,4,F,2022-01-20,1476521c88a07985c5e19661fdb1356f6c8991e06a725e32a91f47a44d05b1ba,1c7164f3bf8e3b7c40a119e309e1ca3ce8cb933f9e8eb0daf19d65ddb1f876c6,+91-631027XXXX
776,P1789,Anika,Ghosh,4,M,2022-07-12,af90f07a398c4129bfb181e5612e198d1540f4c2cc400341a3336c5026924046,3154f4474708606cb2b13d58b0550c7002ddc179299c5e9011e5fa9739b47404,+91-669904XXXX
777,P1788,Reyansh,Mishra,8,F,2018-08-16,0da0cb2fc8b3fc4eba256f51e3ae1169beeaec5a8e6e6a504183a4b53d106be8,c705b16894bd86857899713fc399da43c3e78094e4bf77168834d2039366b838,+91-948116XXXX
778,P1787,Reyansh,Mehta,16,F,2010-07-13,65ded7bfc5c516804769e08a033fac81d8e7720e81c5a87c71a28fe184d40260,f743c52a4bdcf836961cb03b8971e352821a092a7da63eeda760157da0c080a5,+91-818352XXXX
779,P1786,Krishna,Verma,75,M,1951-08-28,16e20e4de286dcfcb97f339ec171c3b2925b14f0bc3118b6d19e52f034d025b6,1ede3db3fd8f593606fc141dc9c8b1358d290a217553cb0dbb3800b1b8d6f723,+91-896683XXXX
780,P1785,Aadhya,Kulkarni,80,F,1946-06-19,cc6744f39004d4ae79c1de7831ce75a72de27acd7ad8dadb42b4ddd28911c806,91c359ad3fd150d4265bb5b591c2f6a7c37dce8bd6f9a5b03d82600aafca8a9a,+91-673634XXXX
781,P1784,Ira,Kulkarni,55,F,1971-09-21,ccc09ef6bed12065d0bed35abfbde3c0abc4bf76c993c3f8dcb41ced4a7d27f3,7d3682cb6c924453d7f3fadfbedd098c3cc3ea537aaa39c3dca83c3fd9370fae,+91-747039XXXX
782,P1783,Anika,Kulkarni,23,F,2003-02-12,dc9b632af343af7c2e05a64b1a5314d858817186f7c8f90de090b9699b03a159,3d2b1adea7124a6c202de60b4774b3d0d5761a8e49a2461633ee2234f7f1b73f,+91-885319XXXX
783,P1782,Sara,Nair,75,F,1951-08-03,75ad28d6a18e2e2247b7fb98166f3f8796b26d88df20066a2374826b9533fda6,5427d941942509fc5154ad9f0cb8025ee2386d49c4e41bfe7ee744d8794edfc3,+91-860692XXXX
784,P1781,ArjunSingh,Unknown,43,M,1983-10-23,7afd0c819cc87bf476f510df8fe1e8f454b1768190e76460f467f3466be1b1d3,6cee01dc470fd478b4796c869b45d540a6fbdd9d7a4d84d24a3ecde843b25029,+91-656759XXXX
785,P1780,Reyansh,Naidu,77,M,1949-01-06,beb82f5eb71a1029df41bb20e77983152ed8cdcb90786e1ff15cc69b41646df2,0e22da8f9a5319c9d680c0be6ac849417b5c34ffb4c1ed5c0ef90f589d36cc3b,+91-880008XXXX
786,P1779,Muhammad,Naidu,66,F,1960-08-18,ed6d184bc85181055f01454eb27880941197d765799215556d224c8e0c699874,5f38f899ef37a1669fe83a1364738244dd09550064f3f2cda14d1d063b9b5c00,+91-854222XXXX
787,P1778,Krishna,Verma,53,F,1973-04-02,c9f9ad1fa70fd0ea6eead332e4435555f0a7fb16ded8d00ff40c47fde5fcaa58,d48301fa1452a2d4c0b6b5a1db356f8b252ec9aac59a9506b10cfd71e3ada013,+91-670224XXXX
788,P1777,Arjun,Sharma,6,M,2020-03-26,4aa09cff60077fbc51892cb6f99a87cbed90070a0695bab10232cd9462639b68,3426b9888772fe8898036a0e56faaad2e61bd0f919099bf39181786a29d2dca4,+91-658562XXXX
789,P1776,Ananya,Banerjee,34,F,1992-06-25,542de9c3ed10213e3baf705c9a734eeefdba84444e337a8f805e0e3fb54e92c2,64366322dcf5108475b0f66888082fb3d714950352c995d9b67540ff50884c9a,+91-633864XXXX
790,P1806,Sai,Ghosh,22,F,2004-07-18,4888c8dd640c675b9a5420c5ed00d9fc34db96c52abc737959b26c3349a358c7,372017c209fac46017c4d42df019c7bebf47460cfee929ce6e1ae11733faaa6b,+91-999265XXXX
791,P1805,Kavya,Patel,61,F,1965-12-07,826e2d54eff561ba12b8a2911c4c7bb072fe14bc125fc6400b1b3c06774a989e,d7843f6b7a172ef0a52081699e339abd2a9202766c76b20c8a29530c64e64320,+91-919681XXXX
792,P1804,Muhammad,Banerjee,42,F,1984-03-08,007fee4561ae91072a51947db8c5055ab7b2b15abcfb57bcf5db240b783ff626,9ce0801f93bd2c04313161abcb01bb838fb3850a8ef9e597c83d6e4265eff113,+91-796059XXXX
793,P1803,Krishna,Singh,82,F,1944-01-03,e8e48b9bdf2fe29c68a97ab5763e70a557ce6eec94e1ce443f8fd793c66d95d9,01f2cc32863412fcc9f2a0cd99b7f1a446822dc4eeb4139fe9678566ed42e88e,+91-973681XXXX
794,P1802,Myra,Gupta,5,M,2021-07-14,526b528cd8bc12474118a2a6b6f53d207850c25cf49fc91d36cb8536094ece31,d9efc07ed2ae1d608a8b86a28e9110522d9947e99af275f653a72de6a169a93d,+91-960849XXXX
795,P1801,Arjun,Sharma,21,F,2005-10-19,ffbbca6e67734c2e3d896d592106e763d8c0b5b10792fbe5ae44527c27f27636,94a25db85294dfcb2e3b1dbea7bac51bd622fe50752976f3cc936a18efeaa8cb,+91-846149XXXX
796,P1800,Reyansh,Joshi,19,M,2007-03-14,4909a7886452ce7e7951b1ee6b0ea4d84a1d2801ee99b5386225d98543012d37,0843674fbf7fbe8f7d5e3c7f150e9327ec3ea13950fe8106637a447fa2aacf52,+91-925012XXXX
797,P1799,Muhammad,Singh,51,M,1975-09-22,8e59c24bd9105603c8f0b1fcee9edb30fd270529afbeaa80122006186a3d0a0c,b5c9019c41ab4ef1ab9f2b2c93cb39503155c53ca93ba43ac04ed72d9c76332d,+91-746741XXXX
798,P1798,Aarav,Mishra,61,F,1965-11-26,d8584f94027bc44b073dd27d57b91a49e339428ebb828d3e218688adb8302236,a7a77a823944ef2044f907e24daac09f48b5f73d6d6c18c8953bd677448fdc88,+91-847458XXXX
799,P1797,Anika,Joshi,50,F,1976-02-16,919351c5babdcc70ab2aba75457bc7bb120ac4148c52bdbd1b28fd49eb9209b3,fd0f04aa76c824e5e624722b9babef77c9bfde8b62df9c0425795dd70d5df990,+91-825078XXXX
800,P1796,Diya,Agarwal,32,M,1994-12-10,16f80be00ffa2e78419644d28fe7dc940dcb92657965b880d0ce805c7e31fb73,721b97c074d2c484cc345be1a99de9c887d6f7f5f52b5b0e24e8f73de47193d8,+91-794689XXXX
801,P1795,Sara,Chatterjee,27,F,1999-06-19,0f9fea4fefa46122138e9ba4936355f83850e20a2ae13673216eb49df63215d9,1b0064979f9e6f45112d09dbaa69ad8d32abb5bee711f86b7418d586539ef800,+91-822639XXXX
802,P1794,Krishna,Joshi,67,F,1959-05-09,ec4ab477fe30d414d25aa6126b2636f54ba4480a735cf6757f4569995f335646,3406e8bb53b101e2124473efd2a1852cb3d00bb789136ce615373db36facdecd,+91-788271XXXX
803,P1793,Anika,Joshi,67,M,1959-02-07,da8e4cb5b871da6d14cf3cc833a5a334778fbbbceab70f692a791edb48a89c58,05bc2e4de1f96bca3b682ddb98102aec661b65b8f017e35ff50d11ca5eb70145,+91-830850XXXX
804,P1792,Ishaan,Chatterjee,25,M,2001-06-04,12b74c46ee8610f81f413e2f51c0895fdd72c7836c81ed1318db57b0bff15bc5,c45e47902b2abe43dc0987590a72c031e6a1b2d18b52ac3136e1b4ec3255324c,+91-614101XXXX
805,P1791,Ananya,Joshi,56,M,1970-08-06,2c5e9a3b8b46d547bae1feb99d7b1ea1aedb8381c448d2524012e92595a5241c,a863b50591e5db695abf9803b99beb4b1d36901b460a0835f579743b66fa5126,+91-679494XXXX
806,P1819,Vivaan,Joshi,26,M,2000-07-20,a3c2c768ef24185987cdc7870db3d3a34b6df9ef181bc0271a1cca643c1134de,a0090c30e063c860c0d1a26f760bde5802b11ede09a48e02f83cdce1f086373a,+91-777029XXXX
807,P1818,Aditya,Das,73,M,1953-01-05,5496438b55fbf19d503e9ee0c9601642bbbf237e2c794588594cce92de4c6d92,dcf2a2d9e24bd44c458a33565c25cb6c01e8cd2724bccda1a7b59534bf2c5577,+91-677794XXXX
808,P1817,Reyansh,Patel,27,M,1999-07-02,dce3d61ed7f4fe2e86369ff451c80e3da3ad1e76dbdc76611904747f95f5a526,119e929622cb7fb65c05ffbf5089eb4b21d3d7482c6c07a76ff959ff48f2f20d,+91-646824XXXX
809,P1816,Shaurya,Joshi,45,F,1981-09-13,d8a388660430f5ff0a6d1d877ee3ccb28c3b9c7dc72627c937c1e935b4d3a3a5,6df4f4b25b4cebe67ce6c0d10f0c4a31a152c43fa31a6d0ad8beadc102bae751,+91-734140XXXX
810,P1815,Myra,Agarwal,78,F,1948-11-11,9d8de516faf68c97396eb3c818ba52e8c2ad7ef06efe0f1d1e349160549ca09c,eb720f0c78ea0efc738a6810db51dd34dd65f9b3691dfa807dd5422efa4ec902,+91-929462XXXX
811,P1814,Reyansh,Pillai,49,F,1977-09-22,fbed8e8e06a727302995ca799bc695d98067a815ab738a857f3fd21ae52c2031,d21e739385380019343db0e6dbee653975a7d16aa1f2d1181d8b490f5123c6c2,+91-876097XXXX
812,P1813,Kavya,Joshi,34,M,1992-04-19,b63668286d324ae8c79c815b4ebcc9cf87ad6916bdcb762393fbc6b43a152bd5,20fa701f7097151748f9e0689550a323dadb5099ab2be725608a14e24e3b409f,+91-651007XXXX
813,P1812,Muhammad,Patel,46,F,1980-01-05,2a1e9f52e0499201e74d294e8824948b648e038719b1dc2c8064ffb0b76770f6,54208924507b84c5f3ebeb198c5170213fce6fdd7bec83086075cef7b2cc4302,+91-956289XXXX
814,P1811,Muhammad,Banerjee,12,F,2014-02-05,56ec5b9acbf5c8ac267fa7e3ec984a4a29264aa9ea6038c2f5378d1df713124b,a95ef358fd670bf100e0716207925716dcdebf7b60440b97570373b8618db9ff,+91-944857XXXX
815,P1810,Ishaan,Naidu,5,M,2021-09-25,5b047513f42568058c0a74f0aa029b5bf80fa040750d3f86663e11e2aae1c06e,d6e7870f771e3ccb3b7545ba8ec4f89a737932a3f981f78a8a736bc6f3786cc0,+91-889678XXXX
816,P1809,Diya,Mishra,1,M,2025-01-10,e4f765e1518506075cf5bdac2e01fdf302a27c68048672be9df57fcce55e6387,08398e9531a27d06a162e87d3409cb3c4329927a1c46aa5d4b8ce6b248c83f04,+91-996280XXXX
817,P1808,Aditya,Joshi,70,M,1956-11-24,dd14a5d7adec1b00962a0010b64345f78d91c566e3aa432ff60fec7aa249a381,8bc9dea99dcab428e50409b1897bd25d971372a69d8cd212a6b41fc419938b51,+91-851533XXXX
818,P1807,Aadhya,Kulkarni,21,M,2005-07-05,23142d5df3ddfc4a4b4ccb253bd9936603b0696c0c056d88d44f84a1ef681b66,5e2c2d75417a55f7118ef7a4ff182b516580e56a0fa395c70e531e8861105700,+91-679318XXXX
819,P1835,Ishaan,Naidu,86,M,1940-01-20,0f080a92bc5f54c340cfef0d8969df3483f3ea8a8e50aa756e7db4a688c9c570,ae0c7696463ee708fee80f434cbc77b6188e677c7420cdb5ff6815a348449327,+91-695675XXXX
820,P1834,Riya,Singh,56,M,1970-09-28,1a9a7568761a639743588a7c34a082ba02f27b5a99d735212f653a2a1a793927,09b7f33e36a862ab38686aaf2e2096d04bbfdf72bcab0acbfd2d34bce1974800,+91-690128XXXX
821,P1833,Aadhya,Das,47,M,1979-06-16,b2b7bae6dd2de68a9b652ef080699b8b74aaaa4a30431d0fdc7f6f00e0656e51,e740961a7b7077dc2f3fad3d6e269bf9d1fb5959b9d42e4c4d97dc94405d460c,+91-950788XXXX
822,P1832,Kavya,Banerjee,79,F,1947-09-16,077bf2fddfdf7a42e0153010946c147f02ca5aa27db5894954b44b4ed837eddf,973414d2f212409df95bf940e7db2ea9fee23278eeff3448b69751582c9484b5,+91-961214XXXX
823,P1831,Diya,Banerjee,52,F,1974-06-24,7d88bbf8a99f62e8d9c2b74b9c62efa1b87ab9d302d71c926189d71090a7d425,05723b124770f66d8811b87b8ac0680edca53364ca9000b45190e80924eac5a8,+91-775224XXXX
824,P1830,Myra,Joshi,8,M,2018-12-26,ba87fda435e6880140cb1aaa4597807a3a99ed5bcb5314713f4140e9acb97ca3,85ac38d269580f0e8484ff54bc36a3c1f764f4def1e89b79f3507807e4b374b8,+91-633732XXXX
825,P1829,Ananya,Reddy,1,M,2025-03-17,cc6ec9d306e6d8ecaafda797ed53255d72dbc29579af6c68a9bc0a5aa6a696ae,4a39bc48025168cdef332a4a8336d791fc2240d81c1cac4f441b542771849907,+91-791280XXXX
826,P1828,Reyansh,Banerjee,36,F,1990-08-23,037e594e3c9a1f11d607219a3ade1256107afd2a647b4ad4671bc3e47cb76b49,7eab7f20fbc57aef891ecab4a1e249d10c9a4de136f5e70cbe25778aa5fb23c9,+91-687523XXXX
827,P1827,Ananya,Khan,26,F,2000-03-28,3fa83970406c24fc78349c5e95b7d132bed8f87df484e2bd4248a820b2dbd830,5c08916dc8ebc64a3028dcd9532e0bc2905478db2f966608a622b60c0ac04cb6,+91-657085XXXX
828,P1826,Ananya,Agarwal,81,M,1945-12-18,bd84e92914f57644b2244fe8fcd8af6a8250b04d6a7dd158ce8e4e88b087cd67,53b8f78b441202e58473d5f2561d1dbe903fe73b5056612c9df995c969f986fc,+91-827101XXXX
829,P1825,Ishaan,Iyer,61,M,1965-09-21,13d9f5e8e7271fe5a9abd5e8441b9e60d0ae020a6d16a0db50000064b9cdb5ec,d366689b720026943ad2702f5967533d97e5aa6f3e9ba4ea3ca51ee920229b17,+91-741458XXXX
830,P1824,Ira,Agarwal,48,M,1978-12-07,44435b9f4bf9b6ebee1c1f74baebe91fb9daba67254041ec6eaa8408d268016d,74e8a91c27e469abfb51d3c78ee08afbc14476b18d4916c3ee624e331931d1c2,+91-649760XXXX
831,P1823,Reyansh,Banerjee,63,M,1963-10-21,00375994ec55a4738a12445b1ed2e4d47cc671093f95a9417cb05605258d65aa,38aeb6e0c1a08e96b248388879abba9f60dc279b4c60cd5e68efdad8fae7629c,+91-724879XXXX
832,P1822,Ira,Agarwal,56,M,1970-11-01,02fdcc3715d2b105f0cd024e8df0d7d7261da98d03d0f4b1f66f825180243d2c,b2df31442c9db8793b077e03907256e4895bd77b5ad51b4478351bd05ddb8a94,+91-940967XXXX
833,P1821,Aadhya,Pillai,86,M,1940-08-06,60f536d50101aac6d02674d79bbd3b0c6baa35691d1cd2e3c7cb4e6e5f77c1f2,caec4d3c6e0c9955ac087e830dff6af9b49cc08c3e84c6eee42ce3d111f41736,+91-892731XXXX
834,P1820,Myra,Banerjee,47,F,1979-07-20,b19c1c38f11b85cc0465b104b1676f432eb8a580b8320deff514f08ddc2ca795,1413dd24392c1dcd4d51a41222f09f8550f978e56ce051a38638049e36f1f66e,+91-652493XXXX
835,P1851,Reyansh,Patel,15,F,2011-11-11,022ee7a7770cfbc0a4455e496b00c638584f5b84c5adbe9267a29f23fea968aa,bb9c368cf09133cc538a1c67f205ababaee2d49b6e1b745d6164a782a70c5074,+91-795748XXXX
836,P1850,Aarav,Agarwal,38,F,1988-02-18,bd4b51657d2b5e1a44e14abfff140cdde319b1825d74851aded542bc391d3160,d7a11f1d2ea66b461d7b050384b8bbebb53224e48c34c4f26a8c0f58c8eb8dd0,+91-670743XXXX
837,P1849,Anika,Nair,18,M,2008-01-17,e053b32de0f0fa124fe52cf4d1d9c8802b868b08d4e24cf441f5904be55557bc,7bc0a21e05a9ab9aaa6932edb6b40c8a85a6aa0a90600b25e83e34e0e44a9875,+91-831365XXXX
838,P1848,Kavya,Reddy,23,M,2003-04-15,e55bec97bfa513872751f1f0d86736706bc438c42761b16b9df9b2c70dfaea03,9a30ef0a6fd402b52e18b1d3b00d7b390579bde89977ed53b533339340ca2f27,+91-869772XXXX
839,P1847,Ananya,Agarwal,3,F,2023-04-11,957569d431e433cfe96cc153610b841696ffd19338901d4c590e12ad8088d332,527109cee2d294217f05d27a48bbac4438da72d6046154eb4de27fae2b3352fa,+91-790511XXXX
840,P1846,Vivaan,Verma,7,M,2019-05-04,0872a0fff17f75c097bb7780855746a8e48a776288391dd8a2f165e78b3f989b,7d157d5d81f2da32a838aa794550366aebf618d991f84ea18e641f9b494c23df,+91-936827XXXX
841,P1845,Aadhya,Sharma,56,M,1970-08-02,d64734b6359744c6e69ce861373a126d62bd1185c9af1c9c6ae0e5b7b4bc0d03,b55c3d07300effe2f04546ce19034b33b1571ae7c96938e265dde5b8cb4f1d54,+91-795628XXXX
842,P1844,Vivaan,Pillai,59,F,1967-07-11,7b301a07d8022fcbaf92006f9790e4e5c3d0302bc06997b2e3548e54dd841738,f0c2a5a6ec629f820781f7bf3667453eb95ae8eb7264efc2b43efeff89cf24a6,+91-879341XXXX
843,P1843,Vivaan,Patel,14,F,2012-07-02,beda29e250ec0fddf6db9fee3665cf7048ac4fe5eada9847326076d9045a344c,4a1d9ef303d0f78475ab15e829706876bb9debbd5bd685f02ef09736de40f5f4,+91-849813XXXX
844,P1842,Ira,Banerjee,26,F,2000-04-09,066498aca94ba0ca78fd5fe5ce16e1ac64a34abd05361159d6d8826b71c7f2d4,c0b3478631a2a8621c2a37510daf2d5038e574af75042ba29708d878034b8e63,+91-826792XXXX
845,P1841,Diya,Das,2,M,2024-04-19,c309f9ed5572063376863c2a87c7addd45a50311726f389cee8922efdc28375a,94ecec27df09067c79ad276d09675c58ac0d0a8774e0ba3a9e87c75938688cfe,+91-730787XXXX
846,P1840,Aditya,Joshi,88,M,1938-06-21,44dfe72885264ec0583e15609579944feb6e063cdf9c3affd1d9c0adddfe80bf,fd81b9227c40688cd0c2469a91ca44ab91cf226b0083f7be44aacd0196b260c8,+91-762353XXXX
847,P1839,Ishaan,Nair,78,M,1948-11-15,1aa8bfbebbf5feba728b7518cf38a479053034ca46df6e6d0c0eb3722fd0074f,7ce5f61fcc6f626744581659a53277327fd497751709655d8254d5162a0af295,+91-864470XXXX
848,P1838,Ishaan,Kulkarni,87,M,1939-08-21,b4739e96ef51ce91aaf40415066d2d166685b9c40f52b9125ece35ddc2b40d6e,9a528c945e3742bff27f3c055210a6275d9936771ee6b0a842173df9e201aff5,+91-672461XXXX
849,P1837,Ananya,Gupta,28,F,1998-10-16,00f3f20056109ce0bd5aa9a3f8e3f32ef8deb77401263009a3e50d40bf3add92,5c5406d1b1c339c94a0b42b19b82d1de0a2a7117bfdd47a7fc91182d904b8340,+91-644237XXXX
850,P1836,Saanvi,Chatterjee,14,M,2012-08-04,abfad1bb2a35aca832855816b668ce20cad52b3c29fe41fc0271fffd89bbad17,bfc9f03d50492f66e0b04f18b3fe85f632945685952662c63d9df47cea31f27a,+91-819809XXXX
851,P1866,Ishaan,Gupta,68,F,1958-08-04,ba5d8076e8adf37b4bb17f0f609cf092807ddd52e6a389fe2a7feb2a1fb40839,d70977c0dd1356d5d07bc37d8e08f08cd156aa917f31931a9ce5861c26cfd1b5,+91-671427XXXX
852,P1865,Ishaan,Mehta,25,M,2001-03-13,cc7df9a6e97344aa4d063c16330b7e167ba7f1b9e4ab06cd80f35f089c5452cc,f3b235459b7c07d82cc927f463057e5bb00be55a3791012eca1d2c627a77bb37,+91-855314XXXX
853,P1864,Anika,Singh,84,M,1942-05-25,149156d956f955d1d4e0da3be95c070a9d981ece795b0bb0c1ee963dbda05d7e,cc7fb3cc6e57effdaf2631ddb8374c6c27120ad9b36ad7878eca35ca168e5fc0,+91-876036XXXX
854,P1863,Diya,Agarwal,13,M,2013-12-04,eb0828d06f2f89d3cbaec66da566f34e3a4932ded73da4c03aad82fa181e730d,c1970b81eaf9f40c180907b137649df7814bb5f05c9985cc56f72ee186b6d376,+91-875885XXXX
855,P1862,Diya,Joshi,17,M,2009-03-11,1565f7389b441a27fb34dfc385805a0337fdde3104059af76db9117a7773ebcf,7aaa80749239e97f7cfc94158e2cd8409bd4bf621f4cac3a59c6515398cec5d9,+91-622069XXXX
856,P1861,Ananya,Mishra,25,F,2001-04-03,5f99d850f49c28e4c09611bae50a0106bc088b217bc44d148300a97b624ac63b,488aa3338acef674b890310e823340d87463ec92fb57c97fd4644b4c0958ea75,+91-688914XXXX
857,P1860,Sara,Chatterjee,44,M,1982-06-01,394173bad5e482fc1daf2ed2fb990f65c790011737bacb2c2378cff1aac740b3,3058718046f3b635e2f399eef1aaf6c9774cb6ad7894a8f981d1ba52b415af08,+91-821745XXXX
858,P1859,Shaurya,Khan,86,F,1940-12-26,8b3cd10a067568438e95896feb895472310215a42dfebb7972250eef78d1e141,fb685fb873f569876c0d7b163e3e891aebece46758ddb6b15287c891203e3ed3,+91-616569XXXX
859,P1858,myra,Gupta,17,F,2009-03-23,b5d1d1665520a5b1a864ca909784374f4ffa7e25110cb1694afd42ab29449a8c,347980683720f3a976682de2571781735e99954b5d620c9e38cdbbec4fb1230b,+91-960612XXXX
860,P1857,Ira,Khan,57,M,1969-08-09,ac38fc9d94c2f0ff21660652f58c064a9c24e23591583147fd1bab6d633bdd54,4d2ee77f341542fe7b16ca5a619b70ea3a10acc6ed7c9692021042784d211fba,+91-791239XXXX
861,P1856,Diya,Khan,39,F,1987-12-17,0a664d22e287a58da712987dac383388ba6166ac345e201221356a303cacb4c9,d4eec5df9b25c8eec92570af70141df8696a4397327b81fa2c4b762985044fae,+91-915284XXXX
862,P1855,Muhammad,Naidu,74,M,1952-08-28,664b37f5eaf3e2901b9d7fd53a8e9d1a65951e1f9862b9aca3a49a260efdcf84,04d2db750b3fd81770940273bafc448509c7d4824fbae3b93333635b0e7a4e39,+91-742526XXXX
863,P1854,Kavya,Banerjee,28,M,1998-04-22,456d06e3218c900ce8a4a82d9e4bd14b384faa54c41633fd2e39c7d78ad30ac2,74229ce07340995ef2608259f10887df481a1d61fe62626618b528b62010caf9,+91-743122XXXX
864,P1853,Diya,Agarwal,89,F,1937-04-25,5ed6fea9e2bad332ad86bc024a0f80c538c10b9dd5ff96ef2ce43fa784d37d8b,b596b0fc560cb279654e793c40625af3e27238b06a230cd0018616ee67301354,+91-855864XXXX
865,P1852,Sai,Gupta,64,F,1962-01-01,2d0fd110afa50e02fb706452d3f3c4359ac5100a69f7c612a6eb63e74a359385,eee193cf09245ede31b61e208055e22298446d46387b46461102b0cd362a05cd,+91-779561XXXX
866,P1881,Shaurya,Gupta,59,F,1967-06-11,40ccaeb1b855d00a8101b2a4995bc425d9655191ebf40a6f2b38a2584e6c3413,c32a5c022e6ea379f93786848dee0e5ea53ecb8498ab35d00272e6b5a12efd19,+91-743987XXXX
867,P1880,Reyansh,Khan,64,M,1962-06-20,e77f78f606a5fff70b6b7923daac92586efa735b9f5daf97fe275af14ac9936f,946d8c8af5a808928ea9bfa81f415b32baaba2dc4fdfe9478a980835ce18a47a,+91-859199XXXX
868,P1879,Arjun,Kulkarni,26,F,2000-08-26,cb887778d25fbd0133ea7de7ae69fc9b1a6cd79bba53e4958b171006b0fd4509,e14439d04bd91b288fef07279d81fabf8578a92b03dfd225bf25286c57472302,+91-712592XXXX
869,P1878,Kavya,Sharma,52,M,1974-11-01,9113d03ce2efc2ff862dd8957db70a5e5bc095e71674fa7367888a8339c31d0b,b62bc3c79a5b45fd216401ceace3c460a623c03da41db4fbc6f5d2e559a5c7e8,+91-872290XXXX
870,P1877,Ananya,Khan,6,F,2020-02-04,fae82b72bf1999c676535f712e9c32a0906c8a04dc5891471a88f9a7a42743f6,debeb3128dee6f86d25908e3f20b0620cc5c2a3ae17760e86385f1955869dcd1,+91-970201XXXX
871,P1876,Arjun,Ghosh,41,M,1985-11-09,6cecf6d86efede3696ca873d90c360eae9204b0c8600114f3a4731c437e28da2,d986dd7f4ab80507625a02327a0efbb212a80377e56204d20922ce86e93caeac,+91-981616XXXX
872,P1875,Ishaan,Agarwal,42,F,1984-11-17,b5a418a7dfc4bb56b3f1f6bf608dd49aa4cfa222189f5e641f7ffdcb448b7e32,17ed9c74ec62b37e74814c5dc32c22bee3b0bbbd982c637a18137f54606dff96,+91-688572XXXX
873,P1874,Muhammad,Naidu,83,F,1943-12-20,dd6f77e91a77c179ae359f9f7de1d70fddde9185adccfc351a03010fb8b0702f,e175e38aa95cfd820e3ea4da72d44f763cb0e8a11acffa869eb86aee280cac2e,+91-678371XXXX
874,P1873,Shaurya,Reddy,40,M,1986-11-09,2ac493e3562d1b00738240dcb9815dc2f87d5a98cb8af33404e9ea96df9d2f11,e7995a01212cdddf4766c22b91e3a9df3b4292541b7baf5ebd16c4ac261774de,+91-736690XXXX
875,P1872,Krishna,Joshi,8,M,2018-11-14,d57ffa1704ee050e6d7b0503f5f3b085bf7ecb935a0c1e666e0cdda64e5f734e,3834c0413dc69ca8c531b5108128c82ecaf240c09ea0909752f6edf712e3de71,+91-832414XXXX
876,P1871,Ananya,Kulkarni,34,F,1992-05-23,5070bd3d0a0696bf470d273141ffdf8370fe2fa9ad5886b3b06bdcdc7040e55d,8409f89192b98f090b9514bfc30e856b00a9e8dfe60310986da05287f850a5cf,+91-815251XXXX
877,P1870,Reyansh,Patel,86,F,1940-07-28,2c6ce05d29cdbfff03d348e47bbfbceb3ddc15a469c6b04e6b2d04d30b7407e4,e3cedc588637342a43278834f0a44669a7debf25e8a6ff3cdcc0a5f947be1a08,+91-867923XXXX
878,P1869,Ira,Reddy,18,F,2008-09-02,3d08f584480a58cc0adee5d9c6aab9d09995e7d82669fee470eb9dafa79a60a3,c180dc58b4b8d6cd51d6871b5edf13ad1251e73a7a553e4d8c68cb0c6331225b,+91-752687XXXX
879,P1868,Myra,Patel,67,F,1959-02-28,b7baec84190c4da2124c2a51fd968e5b47508020ebb49dd364b26a2826603061,7e282028e833da338b91fc2dcb0d86bf1ec3dac5b34210e1f37cf7fc90e39425,+91-720155XXXX
880,P1867,Kavya,Das,10,M,2016-07-21,5f8fc016512a111f7537872c036884a64009164312edfee0698b615c50cc43ad,db9fbc934e438e48f3f690563b84b08bf5e99ebc248fffd2190bc6d9dc00d7ba,+91-846212XXXX
881,P1896,Saanvi,Khan,55,F,1971-06-08,e001c9e0547819a886ad167a3a565e3194a0a97b1fe17f3811ba6456e687e90d,96f4a8f29a675b8fa21d6a82e650ea415b37bb03f6ef72563568617311c24c23,+91-663434XXXX
882,P1895,Riya,Kulkarni,24,F,2002-10-17,e5e5c19a71681d89d0d6ba2e48f42d14839f8710aa84cae2a61a0bf8be821c3c,9f88295b1d3e357688a63e3224f5268ddc6f49e898580fe9e09e271f835da11f,+91-764474XXXX
883,P1894,Krishna,Naidu,62,F,1964-10-06,fc12037e0d58e6e6e71422e8ca38b019bca368d34838c26342684075aea9489e,57f2a4c534bb4b6ab752acd3629c368326ac2274d17ca85f5b1ebbf447c56c90,+91-817450XXXX
884,P1893,Ananya,Nair,62,F,1964-07-10,5d4cb2d7cd03e077c297828e485d2ecdaff534a0e08897ea133d9634d570c82b,1bb121a71dbbdd0b0fb8ae1851808369128cc964168b65dcc11f310238077bc9,+91-812190XXXX
885,P1892,Aadhya,Mehta,75,F,1951-06-15,c2e59403d71b2cfa57fa45a9eaf6ab19c64e541e1b6bc2ed94e1d080cc683874,0eb6f4b2ad9f9a4e0f006bb9bf26558b76e084d89602bebaf78bafa8e24abed4,+91-848134XXXX
886,P1891,Shaurya,Banerjee,4,F,2022-06-06,8163c14057cea288b8e3edc7150c3f277ef49aa8d440a14a8ff4b5a2b70f2ea9,a1dd57a3eb0a45f93d7dd67b84471451bc074c15ca80ac6d0768f3883a127d85,+91-679729XXXX
887,P1890,Reyansh,Sharma,70,F,1956-03-27,c37220d8d4c4d7753c95a68004968c018a3a68a28dbaa5ba7e7de2c88b8f2223,7113021b8b3e2703403a6938ecbc1dc4cf6cc127d1f3dd81ed5b51f979f2296f,+91-686462XXXX
888,P1889,AadhyapPatel,Unknown,70,M,1956-06-28,0fd5bbc228ec2aec73e8e7ba50511e3ee4dc9b333c5f77d9a82b6695a1deeff7,1623e23a9efd015fd571ccad8596c3b59ef12eb908daf3581dcffbead24ea9ee,+91-933107XXXX
889,P1888,Muhammad,Naidu,21,M,2005-09-15,4f95fec2e6bb5a546e5ad22b8ac27619cfe16b77f20d891dde69c2374f6b9200,c254fb15d9d9644f9d2aa8266b52f3f6408937717bb88231e6283cca0987e855,+91-759959XXXX
890,P1887,Ira,Gupta,22,F,2004-12-12,69972d4428c04f68f97f0eb121387f6366a73159c0e500fb1cf99f0055656b8e,07a18e10376f1bb226b1034e460e68879626421904d1077e876bd58805405202,+91-898846XXXX
891,P1886,Diya,Pillai,53,M,1973-02-23,bedb5db4982ca36987d966b9f4ebc1627de53f3e594d834034deb89103be1a4c,2a4144a4c84c062a7d809e6f371e8f0d301a07ecb2a511a5b6832817c51a57f1,+91-977351XXXX
892,P1885,Ira,Chatterjee,33,F,1993-03-28,7393ab5296812081040ff980c92277a461c20ed96817ef6e1231eb921d622143,349fabbf23c306f133fe19bdc3984d21e9e41143a5469f26f3610b772ea76109,+91-711333XXXX
893,P1884,Ananya,Chatterjee,70,F,1956-04-15,73265e0eb7d564e50d6abd83e7781366ff5e6370ba458807ac7b5b7059f7d378,5bf459afaed961e64db66654875bdf1372b0d876c7c7dc76eec76dd6e7dfa1eb,+91-644771XXXX
894,P1883,Riya,Chatterjee,59,M,1967-02-28,02f27614925024b57fbe6b309747f28c530348afbd10d18ad04dacd50eeeaee4,73e512b4cd22f72d70b244b56e63de75580c72fcd693b142a7e5f759f8f85995,+91-631326XXXX
895,P1882,Krishna,Ghosh,56,F,1970-09-06,ba9a913596fb0f3dffd058bbb67d301dba9fffc84f288d719c9c54a3536f322e,af3f90c42f563aa0b654b6f5dcf242f05e9b8c0304566b5ebef9d598c599989c,+91-891042XXXX
896,P1911,Shaurya,Joshi,62,F,1964-03-12,88bd845dc0f85f03a601682d6cb294448ca5aa3da0da7e226721092ca3b1798a,e40d06b93e95dbf1d42e765ee6c6319917890af4b7b187d022d894795955259a,+91-847059XXXX
897,P1910,Krishna,Sharma,51,F,1975-12-08,df8ab0b210a1ddcb9b7b07eb740f1342a04ef9d117a6981ca54730eed25f8f59,24478762d93620872a7e8f1e9fbd8d803a13a9c0621a8d797ef27580c3986ea0,+91-634107XXXX
898,P1909,Ananya,Chatterjee,6,M,2020-07-25,e2afb8e4feafe47ab00409934af0051ed00c102ada5f44b3d3fb044aa5d0ec84,b6f91c3ca9e932a218e2a0e56675929654c7e06c7b2c0495f19682e9ecbe8298,+91-676420XXXX
899,P1908,Aadhya,Sharma,79,F,1947-11-03,39c13f10a22d60da281ad32a1c5a5915be966fb22cb878d19cab806db32a8d5f,b5de53cb5eba81da40f9dfddb70ccf72b4175ec401460c525fc35c6d66303e53,+91-657301XXXX
900,P1907,Sai,Sharma,4,F,2022-06-22,db06579554e246473326736cad8fb9762748550cde5a283a6d83599b053860c8,877ef3626ad77a35605d474585c334de2713bbdc2d91278a9e5e0a09518213a2,+91-747593XXXX
901,P1906,Sai,Chatterjee,75,F,1951-06-28,7d9ac4f2d178b02e04d667906c4dbf188b8beb375b4ef84eb75b927f40c5200a,0fe5a6762b726e8dcba8ac374a4acfb3fde20ec92de7eb548fc2c83ad0a236f8,+91-857041XXXX
902,P1905,Vivaan,Pillai,84,M,1942-04-14,7cb95f005c9085c06be053d4257f0ec19f6b00b18eba15b916f02eeef688be14,54bca19c3988db042bc6a3e8d37535e22d174d867aefbfe5b50f5c1dd67c81b3,+91-723648XXXX
903,P1904,Shaurya,Joshi,66,F,1960-03-18,bb20c2a756151aa6a9a8ad58e38affdf2866235c71505b05572856ee30899e41,dd33c9bde4128cd33f5c2e6b65809ac77cf4f2b99708bd6e02f0e85617beb66c,+91-874438XXXX
904,P1903,Aarav,Nair,6,F,2020-04-27,b2da7ba33d2056f16374f9ac702405b8285236dcfb4bf4d49311d81291308f17,7a77921c3deb15ba541d6f231cc816109265537ae6838d84c7454bdc156661ab,+91-776761XXXX
905,P1902,Vivaan,Pillai,24,M,2002-01-05,556adaa11abf2a354e36985ada4f996d954770bea834a1cf0303aa4027af984a,3cf824ae60319b68eede3ea0c05f0b031d2145e5abf0e4f451f1a92fbd3883ad,+91-614856XXXX
906,P1901,Aarav,Patel,36,F,1990-10-21,eda5d46dcfcc5f916e4afe51bee478e038fd062371992eacb58bd06ee57ceb2c,1a3c01a03b91eba92fd5aa38ec0d1fbb08aa40e597bfb5f04a40758e99124469,+91-764626XXXX
907,P1900,Riya,Iyer,40,F,1986-12-17,a3d124937940b13a6b5a121466531ad0d8bd88a8d61e38835826263222453eed,3b9b559e39872cf9822cf01331bd3c33445331aa58e7dd5f0c36ac6d21789410,+91-778819XXXX
908,P1899,Shaurya,Ghosh,31,M,1995-02-10,4bede47af4a73e6204e19c834bcc3fc84855c22600f7f18fe88d0cff19e36403,067c2f2de66df8bfb0d4865d7a16ce6b470b2c0a61fadc34120bc88478e40846,+91-921201XXXX
909,P1898,Shaurya,Singh,3,F,2023-02-16,7342b58cf92095fae7375605a34f3a03b1da3820620dea5738673c42ebf4c8cb,4f71d79072089f27b1b814f1679491b8f08c1ca9d8b100072bf1ec43ac417c8b,+91-991274XXXX
910,P1897,Krishna,Mehta,9,M,2017-09-19,f2c05516ee415b2cc467f01a6f30747dabf8341d6f57de7162a9f44758fae7fc,0b5c4321748cbf6e659f5f5a4dd4d3d52eeca5f7762fba56d093f38024f4fb50,+91-735710XXXX
911,P1926,Krishna,Iyer,84,M,1942-01-23,b73cff3596c438b5e496e28e35772e7076313a494bb7c2c8fe688358540ddfd0,795d514c18319f2422d460c566e901915edf9272410acec7b8baaead7bd8a730,+91-675773XXXX
912,P1925,Diya,Naidu,19,M,2007-11-28,92f5a92dc30776d6e02c03146eda0eab144450023fafa4fc13eacf88b2fad07f,d57c419b6ec46f9e5d4156a06bddfcbefeb8f2ed186f6bb80988dc6a97853df4,+91-626536XXXX
913,P1924,Anika,Reddy,68,M,1958-02-06,26c636b87356ff003c40e08b60282711f5c865660e75b3b7a45bd610cef7f04c,520c9976b6327cd96786cebae6c83fe65fc04e75846cce11aea8357e4e4dec7e,+91-762487XXXX
914,P1923,Sai,Gupta,26,M,2000-06-24,73f62a4b319bf634b20d5b069f70fe14b7dc73d95788471be772abc9048da88e,f85da765f5bf1607335b6352bc96369f5529089507a8954337c298c2cfd47eb2,+91-760478XXXX
915,P1922,Aditya,Ghosh,70,F,1956-01-10,2ec9108bf2a374f840b213064012d9b9800a9576497d34ffef3758e5bf337f62,68de5992805fb77a62039187197bf259ab0eb6ab08906d6b4bb3a6a7a28a0131,+91-956487XXXX
916,P1921,Ishaan,Chatterjee,5,M,2021-12-10,e0f65046e76f3d652ab9f5bee190267c810474e56c6fa39a73eb98dae8d86d01,7974c2f6be786b4366a81beccccf5d73328935b7a780808c6dcadecceba129ed,+91-928152XXXX
917,P1920,Reyansh,Agarwal,44,F,1982-08-01,2f74cc257643e00543c86b362fd38a1f610099ed82b285b358e849d31f55aa3a,b0251c838221dbfe5f6855827f0433174b5d379536fa908339e72a3e789bff50,+91-629030XXXX
918,P1919,Aarav,Iyer,45,M,1981-06-03,5e9fe4b07648aa8424e825aaa74ef8bb30df03a9162329a8e80d1cec6839376a,8907faeda31a668a0794c847a29d83d1127d5cd3824ba6ebb941643951b2297f,+91-792370XXXX
919,P1918,Ananya,Ghosh,51,M,1975-08-13,7c5a6e3c9b52d615a0cc908370ed0abcfff0016ec329658371527a9bb1deaac9,9658ad3dd71aa24466d80f1d333f2e75a54a7ff0a6f2509cae37f6dea12079da,+91-926995XXXX
920,P1917,Krishna,Gupta,26,F,2000-03-14,a3ccbcc17867cc92e91916f683aba6e2197e4575f628a68d07b6a5094ea0065c,cfe7e275267f3bdd150c7edf3987fc454c1190849bbd1751912630f414586e5e,+91-876918XXXX
921,P1916,Myra,Das,8,F,2018-05-27,b21f6c9d42b08210d1d6125e9dc3774923967ed7a6c1c97ff380be97f2cd67b2,83da40cc6b2ebd1c423526e79922dac5d0895fea598b01750b2ed00e053b2249,+91-694499XXXX
922,P1915,Sai,Patel,75,M,1951-10-17,ad61303fcc8221074c8df4e72bbc2d7f9ced908f418baf18a74cc5dc9da34b6f,e713056c97b19613d353f81be7a41e806b1bfe4282c2000db3bd603afd8a7aff,+91-778852XXXX
923,P1914,Diya,Banerjee,79,M,1947-11-06,9a3e38ebe889bb8822006da2f71748b641efa0cc901c588f28307464203e4214,e3ecce1d5051bea29b9a613e1bb059263c8456d77bf0374dd819493c3fdcd899,+91-733319XXXX
924,P1913,Ananya,Nair,66,F,1960-10-14,987859ac4690e276d3c0315c251779bf60f9cc31040c55acec92b6d7de95d358,e44a483acfd8b12a8abb5ce3ab77c89a8ea8617e08f1197b328abb8b00170441,+91-859754XXXX
925,P1912,Diya,Kulkarni,57,F,1969-10-07,83d2772296641b5f57b057b4c7d2060fe70f4c762d724a2119a1e44832222012,1b4893c350fabda2862f1688b407d27866928eb9b706a8d048c97206dc0424b4,+91-957662XXXX
926,P1941,Riya,Naidu,10,M,2016-09-06,820ebde14f90890e8b0c2c2fdd86dcee45f5f127699c6cac0de17d71082034ee,e368f34e2a42e498b879a6489abe26a70d1fd7f8fb029bfb9529833de7ff22b8,+91-838023XXXX
927,P1940,Reyansh,Reddy,50,F,1976-07-23,332fc70931f585886e4b6a5f56d3e55d8a51863c6826b4823630f7d0c2d89230,60c89a672f2b20e64f633e854d4db4805edb8f30c620f10201e564a2ac30ad2c,+91-798490XXXX
928,P1939,Reyansh,Mishra,6,M,2020-06-16,e0b9ff3fbdcae4af9a95b738df196e04381f2f7c4886aab9dc5106ba256632e1,d47db1d99d86a34180a20f5d25e8f97a31d8149d6e2eadc97fb8409f133e19fd,+91-749060XXXX
929,P1938,Reyansh,Joshi,33,F,1993-04-26,09bf794e73709fa09f110b2dc922e7fcfcc630ddfd1c089de44dcf3a15d6a89d,85fd957683532ca06c2a3ac381cafee7b87f510613f5ef6710555a0c67d9db5a,+91-651247XXXX
930,P1937,Anika,Gupta,3,F,2023-08-01,a649ee8a9392107f408327af34a1c91a03f499ee7375cde09d29e2bf10a46683,2d5a3057080c61c4074f9acdfa915da45a636854d5973469a56c6118e035e0eb,+91-871978XXXX
931,P1936,Riya,Verma,77,F,1949-11-16,985a624db5972af12c432bc14afac26e6d8f8f48cb39beafe677d2fe8c1a465f,f49d63726b3f1403fde38c071edebac2e28548a2d0c451e8bcdc13fc80778b79,+91-749682XXXX
932,P1935,Myra,Kulkarni,11,F,2015-05-11,ee7a1fd518b6f9d30e57087bae492c3836def2d984e3033d93b9f94d7c4adeea,7892334773f76a17359b92e834d33cf03001c9ef11304e2614c88e2e3d1ee20a,+91-962667XXXX
933,P1934,Shaurya,Verma,37,M,1989-08-26,d12ca3c9418919c496f81dcc62efb91123688281116d27ac67696bf336516834,364cd90dcc8d457d59b22c0067cee849fe97424a37921c0f7b2295303c8d3716,+91-927160XXXX
934,P1933,Ira,Khan,38,F,1988-12-16,a693dc753116c43a87df53e9318d296d9def5d925a86652fab16f889f4dc8c38,f551dd2049408b402a72c07db4ecbe6a9a5502d372be5e557c546155ab3e4f51,+91-846218XXXX
935,P1932,Ira,Gupta,64,M,1962-07-16,a994799129757ccfb3153f9b4b58bbfa909ee7f62b75e8b5a207f549b355267e,3e83203f408c4252571d8cc60b8d1a03b0e4d11034092df39e3ddfb658bd3b1d,+91-977881XXXX
936,P1931,Arjun,Verma,14,M,2012-03-26,85c7d0573ea30d69363b5be38967224ad78e1dab7c4d3b73c4fa99f30ffd23e3,db2607daefe06e8bada51c1978c4614ba72004cfcd8dbcd338bd167e7488793e,+91-853994XXXX
937,P1930,Vivaan,Gupta,1,F,2025-11-03,2b29803a16f27b1bed50b9f0d5599b3f0e51cab87a34f13953d52c1c637a1947,e19c2974759fbc576197a68dc7899d40baca6f9e805def80910fef76bc5a027e,+91-663034XXXX
938,P1929,Aarav,Sharma,47,M,1979-03-03,4d97981390db68302c98bedffbd6ad8016373e28a3b1dbb8e24cb36d858dc651,d83705b23c247b08b4a21a0c622cae6b286c4c0a748bc0a421dbdebf28b0839f,+91-874591XXXX
939,P1928,Shaurya,Agarwal,12,M,2014-03-13,e882f77028ca1240187b91e17cdf627852db6826df3cbe36d9dc47652caf95ce,fd35a2c619635bca95ba3adad686c290b031ad7509085b38a84c8ff566a16ff0,+91-628881XXXX
940,P1927,Sai,Reddy,20,F,2006-03-17,3dc584f9ef18b361f1031ecd381f370d6ad99f0ab8dfc86ecd361f1447e25d87,d7557f5469fce739ec06ddcbb8893437a35b4e9ab3f8b21851403eaabb399a9c,+91-944403XXXX
941,P1956,Aarav,Iyer,75,F,1951-04-23,ea5ecceb2e0d2106e7164d50494f1454290cf9c299542a17daf7f4983b586e79,8772790bc1a98f0132ff46e9482a75716fbeb05e75f0d1b792c204111f0de3ee,+91-928792XXXX
942,P1955,Aarav,Das,9,F,2017-07-27,d92dd9d615fc9742cc550501b380a12677c0e5bcfe3a05e41a9c928f3b07bc84,65059a221ce8f175d032b70505c06539faedb1a49841d65ce6a3a47b2cacfb40,+91-838998XXXX
943,P1954,Anika,Agarwal,17,M,2009-12-08,45371c4fa6bd5fc9d3963dddb0a3a71024420b6738c3a3c386fb202897228893,97a11f39bf75a3b20482aa306834f0ab44272e213c3526134ce7659771253fb4,+91-622893XXXX
944,P1953,Kavya,Iyer,73,F,1953-11-01,18091c91180f122716b5325ce0753307d28494992f8f0d061fcca24f7f0e6d4f,da2aaf16e841752933c7e4938d53a07156c1adb548e22955a22fe747127651e2,+91-950954XXXX
945,P1952,Myra,Das,63,F,1963-05-01,068d660468859d178dc8644d0472ca9f63fc65996d8922febd309a0a6f25932e,f3d7d715512d43d90df5b4eb20446fb5eefe55524ae2bf3bbe2f39edd3088442,+91-961558XXXX
946,P1951,Vivaan,Banerjee,65,F,1961-10-25,3365e6c3cfe26fbfd808ae07d45a04eb46a24b7fe58d5f1e4ede7e8387cf6a65,67667605227381c8db40c49951d43b0fbc77ba601ecebf5815c808b1958c89a4,+91-764878XXXX
947,P1950,Arjun,Mehta,84,M,1942-10-27,81673ef0f7e230b02f2f3aaa4a21209c42d9e7b6d3b2f10df5f48af1483849cc,681a49f112d2defc4abcec577705c7cfbff183d8515bf011daf54754bf46626d,+91-651602XXXX
948,P1949,Saanvi,Ghosh,2,M,2024-04-06,0ed5c64d61f8c7f12b02edac1df9ac3f4332511aa6dd01585ee992b4a2376c80,611aea8e9fbc7f4b103a381030cdf72b5b2a42fbe5c23d34f6c4d6c5022836fe,+91-845915XXXX
949,P1948,Ishaan,Verma,40,M,1986-04-25,b18671256e77a9e812441ddad7ecc7f46af90d6f986345ad256fd8b294a0ad14,885a9a476f278f3cca0a73f6f752e9690eb3229505e79c28543c423c5d93de55,+91-752647XXXX
950,P1947,Muhammad,Sharma,13,M,2013-10-12,8251f2c16657485f665d8e71bf5f50f890b9a898349de5170ba2b1476462d55e,cec5caa4550f67484cd6eab061fb0499f697f4bbef9937f43e5ac03a7e4b06d2,+91-969059XXXX
951,P1946,Aditya,Mehta,2,M,2024-05-16,86834322dc45ca8dfd6e245235520dcaf8a632f07205be64f923302ccfe03887,ac10338d7c4bfb48905cfbfefbebfddc507c48634d426d783bb3efbb0ed4dda9,+91-914552XXXX
952,P1945,Riya,Verma,44,M,1982-11-27,02d3a52cde2284f1d3a9c2285c3f14fa58be7885849081ebabe0f64e7d87ca8d,47529e711f8a899d9aaac004a449ac8b797e520a01c213d8f44b5440c30a66d0,+91-768851XXXX
953,P1944,RiyaGupta,Unknown,10,M,2016-07-21,b4726b8cdda62df3eebe1897c22826154470ba5cbdd952cd51ae8d680df4cbfd,8d1e9a343523ca8d63fa501f7ab4e254fcc7c1743f451172c5d8822740dbbd60,+91-691030XXXX
954,P1943,Shaurya,Naidu,23,M,2003-06-20,eb6953203dadc424805d249efab56654e9bc9d8031a343493e7179295686d3c6,b6ee0c6b3b563f760a00dac36effc0aa455feacf9cdf946e26e7a661358aedc3,+91-645061XXXX
955,P1942,Riya,Pillai,5,M,2021-06-01,752d5e077f72ec3f9fb979a1b1ae2d71529ed1fdb08b1964eca33ff1e833750b,71140fdb3bb393353425bfe9ddd0d1425ba10c45a7942aedd0d6f7ca054b55e5,+91-991439XXXX
956,P1972,Aditya,Joshi,1,F,2025-02-01,2ca042849a9d94aec6535a1637b9ea831ac6a093af68b5e8f94ec81724059cc0,af8292782c5a9ba1abf83c10e5ce2a768d3503258563e48ab5391569345632b7,+91-856846XXXX
957,P1971,Vivaan,Ghosh,35,M,1991-07-16,026c11422e7e66068af5743528d5cccbe0ac1d8465fe41f6c16508c583ac9e1e,a7b668e17e7b5b0dcc8b2ba9aeab05a9b0731de958ac1c081f48374d40d594e2,+91-789495XXXX
958,P1970,Vivaan,Verma,76,M,1950-02-06,deefacf187cc5d3f2464da7f1441b6d3ec6d3d73ad796dc3949d81b693c38044,e68c068c86261d375bd01895afdaa7fa86530d61c706b5819f8d71bb074dc379,+91-651586XXXX
959,P1969,Shaurya,Chatterjee,34,F,1992-08-16,6d8eb173b4d6010f54d43394532af6fa780a41a0882b8358717821c90170fda1,5833d45361d94c1fe82b3f40cca8dfd04ce55d4aba7fe9fe386c32c190b8c682,+91-928674XXXX
960,P1968,Shaurya,Patel,9,M,2017-05-19,89ec35e7f03d3402396f15ec57e5ac965e931b6aeab06a277a9e5a51cae2a799,ecd3d32a1aa71d91f84c7275aa7fb6dac1a66f7c0924ecf282399a52d28cab8f,+91-773718XXXX
961,P1967,Ananya,Iyer,75,M,1951-07-04,815d1bce75f9c3642431324a2da3ecc3631904ab591c9c48d1d8a3830a566bd4,fecea918f9c2d9fa502d27726703dd43c019973205cca30a9ec785587ce68518,+91-658821XXXX
962,P1966,Riya,Singh,78,M,1948-02-03,49107a14179e2aa2eb58f468b3b6cc7ed75f5e70dbc8f2a09afc109077341156,c24976a5a01bdc0ffc20dfce6e7d6b55f5ef39ea2a5863d548c67eb769df92bc,+91-983936XXXX
963,P1965,Aarav,Banerjee,50,F,1976-09-25,bd0279ec5560afb9d403ec1e9f3defcf0c1a1f4d0b7d135cc944fa6d71308dfc,3d9e8df509ffb3750407b2b438c256087e916ee8ad8f22369f32cc2ef3c4e886,+91-978206XXXX
964,P1964,Shaurya,Verma,60,F,1966-05-14,4fbe703f223bbe9e33c152b384b7f4440e13dd8ad84361e84cbe9faebe26edfb,4b6262c8d7f7c73e85416dd9d2d19490b7dcdd594ade0f66fee29ccdd2cc3f5a,+91-637212XXXX
965,P1963,Sara,Pillai,62,F,1964-03-27,7ee76e8bbed7020f68cf1c4570df30e5dd9f9f06f604d2b5a75eea36f299b6a0,acb8cd7254f70756c7da8635a7de2a31c2caa22f5d8dee0af5d4f9877ccba94c,+91-791153XXXX
966,P1962,Krishna,Singh,69,F,1957-03-03,548036dec2491ab9251db67592075e929017684a0a98b93270576a444b5a97f3,00085573a0baa23f5dd41f9699815dfdf96779ba152a92f562829aa2ad9d9594,+91-933522XXXX
967,P1961,Muhammad,Iyer,49,M,1977-09-13,e41db1fa5da3c077157de8ced6592e7a2115c61709d703ef43a0811ef2e165ca,50e41ce1c32ccbf92d6cdcfcc995d998a033dea26b8817e2e01949e5223a8a2f,+91-665788XXXX
968,P1960,Kavya,Mishra,35,M,1991-07-04,050a5260bc8b7a77df5dc8e0c3de849a87d7c92d757d752f56fe4549e5184ae0,237c92e506020cdf7cf7a1a834641c6afb658dcdb23ba62fa91913fd915706ad,+91-714590XXXX
969,P1005,Reyansh,Joshi,83,M,1943-03-09,65d58b4376cbd17ce184315d6c330b5e6e926e15fcb9da075dcfea8f0fee1cfe,91a28ca5ed6e942eb7e54140d14c361e5edaaa6f305fb15a89c8b3ae0a7255a1,+91-798240XXXX
970,P1008,Kavya,Pillai,75,M,1951-11-10,184b6d895f7c0fd560b885720ee72b5de5ee102df5f112d64c6b724d12bb24fd,e7346ba97e67eeac9bbe73e2cdd097591afa51f1349139553399e873bc2e1467,+91-892527XXXX
971,P1009,Sai,Kulkarni,88,M,1938-04-02,7152cf63fa78e06f15efe34fefe6158e1f8a85cb1ea49545581a0a7af42195d8,b8cd0291778e0186c7d139b8f964eb7836e3490750a8d59fa3a76d94232cde42,+91-726410XXXX
972,P1010,Sai,Agarwal,24,M,2002-04-18,6ccbdd4d650e0d64ce86d6e145d8f2b0c07aec9989fcbf2c660d39c96f3e3114,10f1681e7e0d98aae31b49e41824ae2ae8509a661d5c27c2f0f7aad47dedfaef,+91-619196XXXX
973,P1011,Sara,Naidu,3,M,2023-04-19,6ec260924a1a8d6aa59b677aa509e0b8d3c83744bc682bae7f4afa4b22860ddc,1221ed9d81540f2b9d885bf41febf2776e39ae3ef2ac673c0a0be31bc30e1a49,+91-852841XXXX
974,P1012,Arjun,Patel,22,M,2004-03-24,f0eaffffe232a66363df74d13a400ee0f1cf3831fb76cec3e949c15746ccb8f9,6f59b96974cf7af07fac1698a5c8218c43b24dd533ae15e1eaf1dad837cb36f0,+91-617622XXXX
975,P1013,Sara,Iyer,53,M,1973-01-13,01f603c86d6008c8305f292caf52f66c75cf7cd6a4be06f8d783b728fc025429,278d6fdec8ac4cd6f838ef8eb2ca552e4d4b3f3427d8f01fa41a3eb1694e4926,+91-936091XXXX
976,P1986,Diya,Khan,5,M,2021-08-04,470ab29fc2d4acf4f9548b2966185fbfb556883bab85df10b4d3e8a14edbf30c,34c2e2e688b708cf330fde75bc295729d61652076e9dd2004384127ca2f6c4cc,+91-891856XXXX
977,P1985,AadhyaNair,Unknown,37,M,1989-04-05,807b68e43318e8afdd28c49a062aa33d99d145b7e31667f0e47159ae8c0932b7,1708f349f50427262fd532c74e2ddc0e07a70dc3cd1a7566ec8a04f0f009794c,+91-877040XXXX
978,P1984,Ishaan,Singh,85,F,1941-03-04,4011ea4d2df4d7f88fa0b119ce4dc0b704c5d0591ee0475c4b850fd337514db2,261a5a2ca768cf6860878bd14d383b5240af48c60537984a95b3ed6acde65ab2,+91-931387XXXX
979,P1983,Muhammad,Khan,35,M,1991-05-17,7f886e319fb0134e960d3a49aa07fef3f029461d589f73aa0dfff3bd411e16ea,825b599c95913451039ba7cf6c7d1f9b7c347fe754fbefbbd3ea13aacf5f986f,+91-637115XXXX
980,P1982,Aadhya,Das,30,F,1996-06-05,373a6b7c6ba98ba9eefb195825db9bfc76150997516df7ed0750705d2a6e870a,961af4a8ba2c2c27ccea3073cf6e99ad4ab94ff2b75e16e2bcda8b89e77ec7fe,+91-732090XXXX
981,P1981,Diya,Gupta,60,F,1966-07-22,df6b7f445a15aad15025ac6d3e977a1174eea591e6055ebc9949c7edade1bbc1,67ea9e73c68692f7de7a25a6673df9042c4f1d08f953c3900e636e00525852fb,+91-844806XXXX
982,P1980,Arjun,Ghosh,14,F,2012-10-17,aa37139f6849048c4e8fd2958792f001c6272bc2acb5c2c691ff1746c4d9a47f,1a544aa896da91a6ae3cba9a960740e77de6f1a14681beeab1ae0cd504acd8fa,+91-760393XXXX
983,P1979,Kavya,Gupta,11,M,2015-08-13,c29fc11a61ceba02532d4f40bf61f1a1a6d53d0093a39169061144398378fccb,7539077e4d1fbbd6ef208380927c16fae45e4597e695c9912ea3ee2e7b932d72,+91-649677XXXX
984,P1978,Vivaan,Sharma,72,M,1954-09-03,953b567dda1c9864cc82325a9e235967737c5fddfab164cba159cbb3c83d9faa,f7c8ce0a04912bdb365897aae8feedb1fda13f0c0c52a5cca672172e51ccc81c,+91-979368XXXX
985,P1959,Sai,Khan,38,M,1988-08-25,a219f9c062899e65b06a5ee68ad6a9a6e1f0c2bc8bcaabbe57202120aece937c,d89f7ee11f217eb7899d5bca4becf17959a5993f2031332ac0a19636500b395c,+91-797427XXXX
986,P1958,Arjun,Ghosh,24,M,2002-06-25,f45c5a2547e377b2b8aa441ee0439f56861c08f0580a56afe33adb714f7fb729,226ce3c7e44483fb6d0c0d2966437083c5cbfe2c320007c5a698ffc18705e3b7,+91-750079XXXX
987,P1957,Ishaan,Verma,15,F,2011-08-27,890183231ecb7dde30f65f8c32bf93611d81c3d3d1860bd130592d3e492e7164,f58aa1b150a7b26cd9f3e52969feda061efedb878ccfe3f66e83b0f83411d195,+91-679812XXXX
988,P1014,Anika,Banerjee,2,F,2024-09-04,f43bad82f1ea88b19fcd0c24acd414afa64f6aabe5b57580da7857b110f5d61a,42c56f5aac6eaaebb5c3a95cb82ec6b77703e8f79c302c47f4fc59c4d8cbcfe5,+91-636699XXXX
989,P1998,Shaurya,Kulkarni,39,F,1987-04-14,abf1ca9d3729c1867f6ff5a63989571a6df9474af77af11240db14e7797f0126,a1b7ca7633d7d62fa69d8f5a0e838d0851348395fa5d084ae557a73ecfa32d30,+91-842044XXXX
990,P1997,Aadhya,Reddy,72,F,1954-01-07,d30b6054df63061484dcaf9b2619d847d2f2ab7ae47bd53d1e420fbd725e80f3,642f73b079da0fb1b55ec23f1c6b84755567f7f905ed6eec154a906f36e7307b,+91-979509XXXX
991,P1996,Ira,Nair,40,M,1986-09-24,a99bf74d494323fc11a2ab99dce183ff86c0172888154c747feb689fc9b8aea4,b14774586a2ce69e0268d6a6eb1603cbbdfe1128d89bb374dcd16d75b7db27e4,+91-727403XXXX
992,P1995,Arjun,Verma,18,F,2008-08-06,e9a0ca0bf5f20c24c0880e76c33d131483fdcfa811f39b6add3aae9384e13ef3,a36e2ac6fb244129e222801ff6b2ab3ffa833e5817d926bc32427cc3d6dafbf5,+91-924490XXXX
993,P1994,DiyaKulkarni,Unknown,89,F,1937-09-17,a2832c9fa340cbb84fe9198224e4f39c9bd0adb19a8cea17e77aafafa28ac5e5,a71fe0a4ad2eccba911019503d1e88fabab674cf60ba9547be003816c6814531,+91-969425XXXX
994,P1993,Muhammad,Naidu,42,M,1984-10-02,390d09719a79b4899443c13c9cffd1cc34b6d1128a8433aa847b3730643764b5,36114c8a27cf02736e409e086d66356c4c12278d20f293d4c1e79b1993f4fa68,+91-741477XXXX
995,P1992,Diya,Singh,89,F,1937-09-09,758836bf958752fb654061f4e777c2615a943c45e68c39e04834524526885712,b331e8520bb4252bde0f92260f5d8b8bd7bc0686833ac958b13210a30c65a04b,+91-713896XXXX
996,P1991,Aarav,Shhharma,4,F,2022-11-17,17fed92aeed7d0775cac9704ff1869a83cd6bd3571b9ed3658739dd932039792,8f041d0130f1253037302441b9c5fceb80313436edff0be88f537c50883517b3,+91-919605XXXX
997,P1990,Arjun,Agarwal,62,F,1964-07-20,408bb5de22823d0d21c1460c0ffc0916779d0a460b80ee15e6b1b76a3a450cc4,34b39dd22bf257e66c77d33a6a3c6a39e5f5923e9b554d2bbe7674e4583f1b32,+91-674526XXXX
998,P1989,Reyansh,Chatterjee,26,M,2000-04-12,44c9e3c045b6bb56693f1b750c2566ed1fb34c781714823c22b1809c0b6f8a84,2876fa13e9cba613af9fb045e47ca93b31c616f03f921b9967d4b9a7c6d2ff0f,+91-782296XXXX
999,P1988,Kavya,Iyer,78,M,1948-09-25,1e1621b7c43a42a90c5694d2fd00fb2512fbe0e3902c2983b1083e95849b5729,c5e260177fb12163b633df4a38551f0f3130842bfa54215799a5dbd244a0cfd8,+91-957906XXXX
1000,P1987,Saanvi,Patel,83,F,1943-07-19,66e06eb24de9085c414dc8c2dde8b55b3b3843c40a81731f4dc3ad727d518c4f,e78c67fe138e047b0927dcad5c3fae551ec18f79a70194946df61304247cd77e,+91-753637XXXX
